Family,Instance Name,Singel,,,Parallel,,
,,Best vertices (10s),Best vertices (100s),Best vertices (1000s),Best vertices (10s),Best vertices (100s),Best vertices (1000s)
asn,mammalia-voles-bhp-trapping,2369,2369,2369,2302,2302,2302
asn,mammalia-voles-kcs-trapping,1839,1839,1839,1787,1787,1787
asn,mammalia-voles-plj-trapping,1792,1792,1792,1714,1714,1714
asn,mammalia-voles-rob-trapping,2064,2064,2064,1996,1996,1996
big_temp,ca-coauthors-dblp,756091,723255,705735,756091,756091,694895
big_temp,rec-dating,950035,950035,950035,950035,950035,949783
big_temp,rec-epinions,1392154,1392154,1359894,1392154,1392154,1358236
big_temp,rec-libimseti-dir,898263,898253,898253,898263,898251,898231
big_temp,soc-lastfm,1988067,1988067,1791105,1988067,1988067,1791087
big_temp,soc-twitter-higgs,1086181,1086181,1085666,1086181,1086181,1084724
bio,bio-CE-CX,47512,47509,47503,47351,45603,42887
bio,bio-CE-GN,10541,10541,10541,10457,10457,10457
bio,bio-CE-HT,3063,3063,3063,3035,3034,3034
bio,bio-CE-LC,1571,1571,1571,1552,1552,1552
bio,bio-CE-PG,6897,6897,6897,6710,6693,6693
bio,bio-DM-CX,14951,14951,14951,14757,14569,14561
bio,bio-dmela,16107,16107,16107,15223,14694,14542
bio,bio-DM-HT,3690,3690,3690,3627,3611,3610
bio,bio-DR-CX,16439,16439,16439,16326,16315,16315
bio,bio-grid-fission-yeast,4787,4787,4787,4669,4669,4669
bio,bio-grid-fruitfly,15802,15802,15802,15141,14585,14556
bio,bio-grid-human,17050,17050,17050,16289,15593,15366
bio,bio-grid-mouse,1604,1604,1604,1586,1586,1586
bio,bio-grid-plant,2113,2113,2113,2061,2061,2061
bio,bio-grid-worm,5004,5004,5004,4748,4683,4679
bio,bio-grid-yeast,29917,29917,29917,29892,29891,29891
bio,bio-HS-CX,18220,18220,18220,18042,17907,17907
bio,bio-HS-HT,5446,5446,5446,5145,5104,5104
bio,bio-HS-LC,11446,11446,11446,10744,10604,10507
bio,bio-SC-CC,7329,7329,7329,7139,7139,7139
bio,bio-SC-GT,6444,6444,6444,6369,6369,6369
bio,bio-SC-HT,9196,9196,9196,9094,9094,9094
bio,bio-SC-LC,6344,6344,6344,6090,6090,6090
bio,bio-WormNet-v3,74166,74166,74166,74151,74138,74135
bio,bio-WormNet-v3-benchmark,5470,5470,5470,5283,5278,5278
bio,bio-yeast,1814,1814,1814,1757,1757,1757
bio,bio-yeast-protein-inter,2185,2185,2185,2148,2148,2148
ca,ca-aminer,1465990,1465990,1370462,1465990,1465990,1363089
ca,ca-AstroPh,33989,33982,33966,35108,32810,31781
ca,ca-citeseer,264101,256771,256771,264136,255963,254283
ca,ca-cit-HepPh,101991,101752,101752,101991,101760,101008
ca,ca-cit-HepTh,84889,84706,84706,84889,84623,84441
ca,ca-CondMat,30114,30099,30099,29719,29009,28846
ca,ca-GrQc,5506,5506,5506,5292,5289,5279
ca,ca-IMDB,1626321,1626321,1517897,1626320,1626024,1502211
ca,ca-MathSciNet,411015,411010,410991,439364,438955,406754
cit,cit-DBLP,21021,21018,21018,20639,19941,19628
cit,cit-HepPh,100604,100511,100511,100604,100221,99813
cit,cit-HepTh,85396,85396,85396,85396,85394,85391
dimacs10,144,167601,167601,167601,172708,167037,166281
dimacs10,598a,130817,128419,128419,130834,127962,127531
dimacs10,auto,509769,498502,498502,509776,498373,496771
dimacs10,coAuthorsCiteseer,264313,256771,256771,264313,255748,254364
dimacs10,cs4,26491,26491,26491,26347,26242,26215
dimacs10,cti,21520,21520,21520,21447,21447,21447
dimacs10,delaunay-n10,1495,1495,1495,1440,1440,1439
dimacs10,delaunay-n11,2641,2641,2641,2608,2608,2608
dimacs10,delaunay-n12,4928,4928,4928,4880,4880,4880
dimacs10,delaunay-n13,9363,9363,9363,9290,9288,9288
dimacs10,delaunay-n14,18070,18070,18070,17943,17943,17943
dimacs10,delaunay-n15,35135,35135,35135,34984,34950,34950
dimacs10,delaunay-n16,68877,68877,68877,68830,68658,68651
dimacs10,delaunay-n17,135736,135736,135736,135794,135481,135410
dimacs10,delaunay-n18,270469,268768,268768,270469,268670,268298
dimacs10,delaunay-n19,535937,533812,533812,535937,533806,533132
dimacs10,delaunay-n20,1065236,1062132,1062132,1065236,1062358,1061675
dimacs10,fe-4elt2,12558,12558,12558,12484,12484,12478
dimacs10,fe-ocean,159651,159651,159651,159641,159427,159371
dimacs10,fe-rotor,112970,112969,112969,113141,112556,112262
dimacs10,fe-sphere,18563,18563,18563,18428,18426,18426
dimacs10,fe-tooth,89282,89281,89281,89260,88874,88792
dimacs10,inf-belgium-osm,1443157,1443144,1443144,1443157,1443120,1443116
dimacs10,inf-luxembourg-osm,115013,115013,115013,115008,115008,115005
dimacs10,m14b,249520,241754,241751,249510,241364,240250
dimacs10,rgg-n-2-15-s0,34556,34556,34556,34394,34334,34334
dimacs10,rgg-n-2-16-s0,68232,68232,68232,68115,67910,67904
dimacs10,rgg-n-2-17-s0,135541,135327,135327,135326,134971,134867
dimacs10,rgg-n-2-18-s0,270087,268857,268857,270087,268511,268128
dimacs10,rgg-n-2-19-s0,536416,533991,533991,536416,533878,533198
dimacs10,t60k,62453,62453,62453,62399,62399,62383
dimacs10,tech-caidaRouterLevel,222353,222345,222318,236270,221688,220217
dimacs10,wing,69746,69746,69746,69701,69336,69186
dimacs10,wing-nodal,15871,15871,15871,15677,15658,15658
email,email-dnc,2726,2726,2726,2591,2584,2584
email,email-enron-large,50616,50615,50613,50982,49597,48344
email,email-EU,38051,38051,38045,37696,37301,36933
email,email-univ,2795,2795,2795,2667,2667,2667
graph500,graph500-scale18-ef16-adj,497040,497040,497040,497040,497040,497026
graph500,graph500-scale19-ef16-adj,933890,933890,933890,933890,933890,933549
heter,actor,1449327,1449327,1440126,1449327,1449327,1438742
heter,bibsonomy,1306984,1183770,1182566,1306982,1185354,1175885
heter,citeulike-u2p-u2t,994885,991312,991300,994885,994838,987957
heter,dbpedia,549532,549532,549532,549532,548719,546977
heter,digg,588361,588315,588315,588361,588283,587745
heter,epinions,1474266,1474266,1474266,1474266,1474266,1463010
heter,movielens-10m,326082,326081,326081,326082,326062,325829
heter,movielens-10m-noRatings,60537,60537,60537,60274,58934,58144
heter,visualize-us,842440,842440,837080,842440,842440,830683
heter,yahoo-msg,169807,169807,169794,177623,176633,164454
ia,ia-dbpedia-team-bi,450136,420898,420898,450136,444869,417392
ia,ia-email-EU,38084,38084,38083,37785,37287,36839
ia,ia-email-univ,2808,2808,2808,2652,2652,2652
ia,ia-enron-large,50616,50615,50613,50665,49657,48534
ia,ia-escorts-dynamic,23120,23120,23120,22604,21565,21457
ia,ia-fb-messages,3732,3732,3732,3476,3476,3476
ia,ia-frwikinews-user-edits,27599,27599,27599,27497,27497,27437
ia,ia-reality,7264,7264,7264,7218,7201,7190
ia,ia-wikiquote-user-edits,118754,118750,118749,117786,114121,113614
ia,ia-wiki-Talk,154721,154721,154721,154721,154535,154524
ia,ia-wiki-trust-dir,200106,200095,200066,202424,196957,193289
misc,144,167601,167601,167601,172550,167153,166293
misc,162bit,20740,20740,20740,19798,19088,19044
misc,176bit,41558,41558,41558,40994,39296,38550
misc,192bit,72567,72567,72567,72225,70669,67954
misc,208bit,128471,128471,128471,128297,127296,123059
misc,2cubes-sphere,123821,123817,123813,128657,123458,121970
misc,2D-27628-bjtcai,31679,31677,31677,31529,31520,31490
misc,2D-54019-highK,59868,59862,59862,59655,59610,59610
misc,3D-28984-Tetra,39224,39224,39224,39200,39200,39200
misc,3D-51448-3D,65832,65832,65832,65816,65794,65794
misc,3dtube,65799,65799,65728,70228,61210,61194
misc,598a,129831,128419,128419,129794,127947,127524
misc,a0nsdsil,80558,80558,80558,80482,80482,80480
misc,a2nnsnsl,80553,80553,80553,80477,80473,80473
misc,a5esindl,60262,60262,60262,60260,60260,60260
misc,aa01,17232,17232,17232,16864,16736,16722
misc,aa03,16874,16874,16874,16560,16489,16489
misc,aa3,16874,16874,16874,16587,16526,16524
misc,aa4,14059,14059,14059,13707,13639,13634
misc,aa5,16311,16311,16311,16018,15939,15930
misc,aa6,14211,14211,14211,13919,13817,13808
misc,ABACUS-shell-hd,26199,26199,26199,25958,25952,25949
misc,ABACUS-shell-ld,26199,26199,26199,25957,25957,25928
misc,ABACUS-shell-md,26199,26199,26199,25965,25964,25964
misc,ABACUS-shell-ud,26199,26199,26199,26002,25981,25976
misc,abtaha1,20728,20728,20728,20307,20189,20166
misc,abtaha2,49115,49115,49115,48846,48490,48450
misc,actor-collaboration,156401,156281,156281,156401,156192,155719
misc,actor-movie,700152,682775,682741,700152,699807,676229
misc,add20,3264,3264,3264,3086,3086,3086
misc,add32,5140,5140,5140,5116,5116,5116
misc,adder-dcop-01,2501,2501,2501,2408,2406,2402
misc,adder-dcop-02,2499,2499,2499,2411,2411,2411
misc,adder-dcop-03,2477,2477,2477,2395,2395,2395
misc,adder-dcop-04,2422,2422,2422,2363,2363,2363
misc,adder-dcop-05,2468,2468,2468,2384,2384,2384
misc,adder-dcop-06,2465,2465,2465,2374,2374,2374
misc,adder-dcop-07,2486,2486,2486,2387,2387,2387
misc,adder-dcop-08,2484,2484,2484,2393,2393,2393
misc,adder-dcop-09,2479,2479,2479,2381,2381,2381
misc,adder-dcop-10,2462,2462,2462,2401,2401,2401
misc,adder-dcop-11,2512,2512,2512,2400,2400,2400
misc,adder-dcop-12,2499,2499,2499,2404,2404,2404
misc,adder-dcop-13,2459,2459,2459,2377,2377,2377
misc,adder-dcop-14,2499,2499,2499,2395,2395,2395
misc,adder-dcop-15,2499,2499,2499,2393,2393,2393
misc,adder-dcop-16,2499,2499,2499,2402,2402,2402
misc,adder-dcop-17,2499,2499,2499,2403,2403,2403
misc,adder-dcop-18,2499,2499,2499,2392,2392,2392
misc,adder-dcop-19,2489,2489,2489,2402,2402,2402
misc,adder-dcop-20,2499,2499,2499,2398,2398,2398
misc,adder-dcop-21,2499,2499,2499,2406,2401,2401
misc,adder-dcop-22,2499,2499,2499,2402,2402,2402
misc,adder-dcop-23,2499,2499,2499,2412,2412,2412
misc,adder-dcop-24,2499,2499,2499,2411,2411,2411
misc,adder-dcop-25,2499,2499,2499,2391,2389,2389
misc,adder-dcop-26,2499,2499,2499,2402,2402,2402
misc,adder-dcop-27,2499,2499,2499,2399,2399,2399
misc,adder-dcop-28,2499,2499,2499,2397,2397,2394
misc,adder-dcop-29,2499,2499,2499,2405,2404,2404
misc,adder-dcop-30,2499,2499,2499,2406,2406,2406
misc,adder-dcop-31,2499,2499,2499,2413,2413,2413
misc,adder-dcop-32,2499,2499,2499,2402,2400,2400
misc,adder-dcop-33,2499,2499,2499,2390,2387,2387
misc,adder-dcop-34,2499,2499,2499,2399,2398,2398
misc,adder-dcop-35,2499,2499,2499,2396,2396,2395
misc,adder-dcop-36,2499,2499,2499,2404,2404,2404
misc,adder-dcop-37,2499,2499,2499,2408,2408,2408
misc,adder-dcop-38,2499,2499,2499,2391,2391,2391
misc,adder-dcop-39,2499,2499,2499,2400,2400,2400
misc,adder-dcop-40,2499,2499,2499,2407,2407,2407
misc,adder-dcop-41,2499,2499,2499,2396,2396,2396
misc,adder-dcop-42,2499,2499,2499,2398,2398,2398
misc,adder-dcop-43,2499,2499,2499,2407,2407,2407
misc,adder-dcop-44,2501,2501,2501,2401,2401,2401
misc,adder-dcop-45,2499,2499,2499,2402,2401,2401
misc,adder-dcop-46,2499,2499,2499,2403,2403,2403
misc,adder-dcop-47,2499,2499,2499,2390,2390,2390
misc,adder-dcop-48,2499,2499,2499,2397,2397,2397
misc,adder-dcop-49,2499,2499,2499,2407,2407,2407
misc,adder-dcop-50,2499,2499,2499,2390,2390,2390
misc,adder-dcop-51,2499,2499,2499,2396,2396,2396
misc,adder-dcop-52,2499,2499,2499,2380,2378,2378
misc,adder-dcop-53,2499,2499,2499,2402,2402,2402
misc,adder-dcop-54,2499,2499,2499,2396,2396,2396
misc,adder-dcop-55,2499,2499,2499,2391,2391,2391
misc,adder-dcop-56,2499,2499,2499,2406,2406,2406
misc,adder-dcop-57,2499,2499,2499,2405,2405,2405
misc,adder-dcop-58,2499,2499,2499,2409,2409,2409
misc,adder-dcop-59,2499,2499,2499,2416,2416,2416
misc,adder-dcop-60,2499,2499,2499,2401,2401,2399
misc,adder-dcop-61,2499,2499,2499,2406,2406,2406
misc,adder-dcop-62,2499,2499,2499,2410,2410,2407
misc,adder-dcop-63,2499,2499,2499,2390,2390,2390
misc,adder-dcop-64,2499,2499,2499,2406,2405,2405
misc,adder-dcop-65,2499,2499,2499,2404,2404,2404
misc,adder-dcop-66,2499,2499,2499,2403,2403,2403
misc,adder-dcop-67,2499,2499,2499,2399,2399,2399
misc,adder-dcop-68,2493,2493,2493,2428,2428,2428
misc,adder-dcop-69,2499,2499,2499,2411,2411,2411
misc,adder-trans-01,2479,2479,2479,2393,2393,2393
misc,adder-trans-02,2479,2479,2479,2406,2406,2406
misc,advogato,13633,13633,13633,13483,13483,13483
misc,af23560,31263,31263,31263,31071,30870,30845
misc,aff-dbpedia-users2country,591066,591066,591066,591039,591006,590972
misc,aff-delicious-user-tag,230717,230717,230717,230717,230620,230555
misc,aff-github-user2project,205138,205138,205138,205148,204589,204257
misc,af-shell2,69434,69434,69434,68774,68714,68684
misc,af-shell3,137295,130600,130600,130552,130216,130196
misc,af-shell4,137563,130600,130600,130552,130250,130229
misc,af-shell5,137064,130262,130262,130210,129930,129884
misc,af-shell6,137503,130262,130262,130207,129944,129875
misc,af-shell7,136754,129729,129729,136684,129336,129321
misc,af-shell8,136146,129729,129729,129674,129320,129305
misc,aft01,10176,10176,10176,10030,10026,10020
misc,aft02,10241,10241,10241,10059,10053,10041
misc,air02,8566,8566,8566,8535,8527,8522
misc,air03,13969,13969,13969,13928,13928,13928
misc,air04,17232,17232,17232,16896,16767,16763
misc,air05,14059,14059,14059,13735,13664,13661
misc,air06,16874,16874,16874,16544,16482,16477
misc,aircraft,11500,11500,11500,11482,11482,11482
misc,airfoil-2d,17529,17529,17529,17428,17427,17427
misc,Alemdar,7683,7683,7683,7508,7498,7493
misc,amazon0302,329258,315156,313388,329258,329258,309953
misc,Andrews,88969,88253,88253,89397,87388,85602
misc,apache1,90865,90865,90865,90808,90681,90645
misc,appu,124729,124729,124729,124728,124721,124715
misc,arenas-pgp,12027,12027,12027,11912,11835,11797
misc,as-22july06,26926,26922,26918,26572,26207,25985
misc,as-caida,30505,30503,30500,30219,29892,29683
misc,as-caida20071105,30578,30578,30578,30324,29996,29780
misc,ASIC-100k,110956,107549,107549,110956,107162,106895
misc,ASIC-100ks,104267,104267,104267,104228,103922,103801
misc,ASIC-320ks,327458,327418,327418,327934,327302,327276
misc,ASIC-680k,201110,201110,201110,200741,199811,199783
misc,astro-ph,24101,24079,24079,24237,23920,23833
misc,atmosmodl,310236,309560,309560,310231,308892,308692
misc,atmosmodm,345438,345031,345031,345438,344293,344132
misc,aug2d,30376,30376,30376,30340,30317,30312
misc,aug2dc,31597,31597,31597,31564,31536,31529
misc,aug3d,27226,27226,27226,27076,26908,26857
misc,aug3dcqp,39134,39134,39134,39030,38855,38741
misc,av41092,121480,110409,110409,121480,110232,108773
misc,barth,7727,7727,7727,7651,7645,7637
misc,barth4,6982,6982,6982,6918,6918,6918
misc,barth5,17106,17106,17106,17023,17021,17021
misc,bas1lp,28073,28073,28073,28027,27769,27733
misc,Baumann,126278,126278,126278,126164,126021,125981
misc,bauru5727,39545,39545,39545,39494,39487,39484
misc,baxter,61864,61864,61864,61824,61784,61729
misc,bayer01,87321,87258,87258,87290,86600,85934
misc,bayer02,26028,26028,26028,25673,25246,25131
misc,bayer03,15046,15046,15046,14717,14572,14537
misc,bayer04,37797,37797,37797,37567,36936,36598
misc,bayer05,7983,7983,7983,7757,7638,7578
misc,bayer06,7651,7651,7651,7423,7349,7331
misc,bayer07,7983,7983,7983,7749,7688,7629
misc,bayer08,7651,7651,7651,7422,7349,7325
misc,bayer09,7239,7239,7239,6981,6891,6860
misc,bayer10,25916,25916,25916,25610,24977,24844
misc,bbmat,58482,58482,58482,58520,58157,57907
misc,bcircuit,69939,69939,69939,69887,69883,69876
misc,bcspwr10,5801,5801,5801,5764,5763,5763
misc,bcsstk10,2001,2001,2001,1945,1945,1945
misc,bcsstk11,2667,2667,2667,2643,2643,2643
misc,bcsstk12,2717,2717,2717,2620,2620,2620
misc,bcsstk13,4897,4897,4897,4890,4890,4890
misc,bcsstk14,3507,3507,3507,3463,3463,3463
misc,bcsstk15,7154,7154,7154,6896,6896,6896
misc,bcsstk16,9580,9580,9580,9509,9509,9509
misc,bcsstk17,15129,15129,15129,14638,14623,14623
misc,bcsstk18,14748,14748,14748,14492,14471,14464
misc,bcsstk21,4931,4931,4931,4895,4895,4895
misc,bcsstk23,5943,5943,5943,5894,5894,5894
misc,bcsstk24,6060,6060,6060,6032,6032,6032
misc,bcsstk25,20930,20929,20929,20541,20502,20502
misc,bcsstk26,2931,2931,2931,2924,2923,2923
misc,bcsstk27,2893,2893,2893,2763,2763,2763
misc,bcsstk28,7330,7330,7330,7295,7295,7295
misc,bcsstk29,19718,19718,19718,19153,19120,19120
misc,bcsstk30,38186,38186,38186,37456,37387,37387
misc,bcsstk31,43993,43990,43988,43462,43343,43343
misc,bcsstk32,53288,53288,53288,52922,52392,52376
misc,bcsstk33,16594,16594,16594,16516,16511,16511
misc,bcsstk35,36923,36923,36923,36535,36469,36452
misc,bcsstk36,29710,29710,29710,29287,29287,29287
misc,bcsstk37,32419,32419,32419,31973,31924,31920
misc,bcsstk38,12363,12363,12363,12210,12210,12210
misc,bcsstk39,56727,56720,56720,55765,55453,55393
misc,bcsstm10,1992,1992,1992,1972,1972,1972
misc,bcsstm12,2368,2368,2368,2275,2252,2252
misc,bcsstm27,2893,2893,2893,2839,2839,2839
misc,bcsstm35,1408,1408,1408,1408,1408,1408
misc,bcsstm36,15735,15735,15735,15675,15675,15675
misc,bcsstm38,2015,2015,2015,2004,2004,2004
misc,belgium-osm,1443157,1443144,1443144,1443157,1443117,1443109
misc,benzene,20247,20247,20247,19798,19567,19550
misc,bfly,61887,61872,61872,60445,58365,58365
misc,bibd-13-6,4735,4735,4735,4690,4680,4663
misc,bibd-14-7,7346,7346,7346,7328,7328,7328
misc,bibd-15-7,10911,10911,10911,10867,10867,10859
misc,bibd-16-8,18273,18273,18273,18218,18218,18218
misc,bibd-17-8,30413,30413,30413,30356,30354,30354
misc,bibd-18-9,55756,55756,55756,55696,55695,55693
misc,bibd-49-3,27495,27495,27495,27458,27434,27433
misc,bibd-81-3,110772,110772,110772,110761,110732,110676
misc,bibsonomy-2ti,1104408,1031697,1022611,1104402,1104402,1021404
misc,bibsonomy-2ui,770408,770397,770397,770399,770360,770332
misc,bibsonomy-2ut,239478,239477,239477,240643,238295,236715
misc,big,14761,14761,14761,14669,14669,14669
misc,big-dual,31717,31717,31717,31687,31677,31677
misc,biplane-9,23350,23350,23350,23242,23230,23230
misc,bips07-1693,13266,13266,13266,13242,13237,13237
misc,bips07-1998,14886,14886,14886,14833,14830,14828
misc,bips07-2476,16671,16671,16671,16656,16648,16648
misc,bips07-3078,20862,20862,20862,20827,20823,20819
misc,bips98-1142,9811,9811,9811,9770,9766,9758
misc,bips98-1450,11302,11302,11302,11266,11256,11255
misc,bips98-606,7128,7128,7128,7096,7096,7096
misc,blockqp1,60705,60705,60705,60705,60705,60705
misc,bloweya,30178,30178,30178,30178,30178,30178
misc,bloweybl,30191,30191,30191,30191,30191,30191
misc,bloweybq,10175,10175,10175,10175,10175,10175
misc,bodyy4,19486,19486,19486,19375,19375,19375
misc,bodyy5,20624,20624,20624,20495,20494,20491
misc,bodyy6,21481,21481,21481,21334,21324,21323
misc,bookcrossing-full-rating,535533,535533,535533,535494,535317,533932
misc,bookcrossing-rating,288253,288253,288253,288205,287596,286410
misc,boyd1,93722,93722,93722,93717,93717,93717
misc,boyd2,466481,466481,466481,466481,466481,466481
misc,brack2,70901,70901,70901,70875,70568,70546
misc,brainpc2,27984,27984,27984,27984,27984,27984
misc,bratu3d,35919,35919,35919,35802,35720,35713
misc,bundle1,15798,15798,15798,15702,15663,15645
misc,c-18,3078,3078,3078,2977,2977,2977
misc,c-19,3530,3530,3530,3491,3491,3491
misc,c-20,3892,3892,3892,3813,3791,3784
misc,c-21,4671,4671,4671,4545,4488,4444
misc,c-22,5039,5039,5039,4953,4913,4879
misc,c-23,4892,4892,4892,4853,4840,4838
misc,c-24,5653,5653,5653,5539,5478,5474
misc,c-25,6018,6018,6018,5832,5832,5832
misc,c-26,5599,5599,5599,5496,5458,5450
misc,c-27,5531,5531,5531,5427,5414,5409
misc,c-28,5621,5621,5621,5478,5437,5437
misc,c-29,6604,6604,6604,6493,6441,6403
misc,c-30,6586,6586,6586,6466,6442,6439
misc,c-31,7838,7838,7838,7764,7712,7703
misc,c-32,6940,6938,6938,6922,6922,6922
misc,c-33,8745,8745,8745,8488,8483,8483
misc,c-34,8521,8521,8521,8476,8476,8476
misc,c-35,8198,8198,8198,8032,8000,7996
misc,c-36,9882,9882,9882,9742,9635,9560
misc,c-37,10720,10720,10720,10529,10413,10413
misc,c-38,10035,10035,10035,9885,9858,9856
misc,c-39,13289,13289,13289,13019,12967,12880
misc,c-40,12563,12563,12563,12447,12306,12147
misc,c-41,11962,11962,11962,11679,11633,11632
misc,c-42,12876,12876,12876,12704,12605,12590
misc,c-43,13542,13542,13542,13445,13399,13310
misc,c-44,13283,13283,13283,13046,12995,12993
misc,c-45,14911,14911,14911,14771,14759,14759
misc,c-46,18661,18661,18661,18424,18173,17926
misc,c-47,21141,21141,21141,20768,20620,20554
misc,c-48,21823,21822,21822,21873,21561,21335
misc,c-49,23853,23853,23853,23624,23528,23462
misc,c-50,25584,25584,25584,25437,25360,25209
misc,c-51,27571,27569,27569,27405,27200,27108
misc,c-52,26991,26991,26991,26625,26535,26465
misc,c-53,34400,34400,34400,34288,34230,34159
misc,c-54,35894,35894,35894,35752,35702,35687
misc,c-55,43143,43126,43125,42448,41758,41534
misc,c-56,41967,41967,41967,41773,41530,41283
misc,c-57,42306,42306,42306,42203,42137,42090
misc,c-58,46331,46331,46331,46148,46031,46028
misc,c-59,52035,52031,52027,51643,50544,50212
misc,c-60,48811,48811,48811,48265,48169,48087
misc,c-61,48181,48181,48181,47772,47656,47594
misc,c-62,54506,54501,54460,57458,53294,52901
misc,c-62ghs,54506,54501,54460,57558,53190,52891
misc,c-63,52087,52077,52070,51456,51185,51059
misc,c-64,57575,57575,57575,57536,57482,57475
misc,c-64b,57575,57575,57575,57524,57498,57449
misc,c-65,52204,52204,52204,52022,51868,51753
misc,c-66,55559,55559,55559,55348,55250,55064
misc,c-66b,55559,55559,55559,55354,55225,55068
misc,c-67,61552,61552,61552,61498,61363,61170
misc,c-67b,61552,61552,61552,61513,61422,61186
misc,c-68,77510,77479,77475,80091,75732,75352
misc,c-69,76781,76778,76777,78103,75797,75565
misc,c-70,79005,78898,78898,78808,77726,77507
misc,c-71,94470,94455,94425,101194,92197,91899
misc,c-72,93790,93642,93642,93350,92805,92702
misc,c-73,181220,181220,181220,181209,181158,181117
misc,c-73b,181220,181220,181220,181363,181113,181112
misc,ca-actor-collaboration,156013,156013,156013,156013,155946,155452
misc,ca-AstroPh,34968,34941,34913,34369,32953,32355
misc,ca-cit-HepPh,101578,101561,101561,101562,101476,101041
misc,ca-cit-HepTh,83696,83696,83696,83676,83609,83504
misc,ca-CondMat,31712,31701,31701,31334,30739,30549
misc,cage10,18817,18817,18817,18733,18733,18733
misc,cage11,58012,58012,58012,57874,57574,57529
misc,cage12,189719,189719,189719,189796,189380,188271
misc,cage13,260815,260134,260055,266593,263919,246685
misc,cage9,6122,6122,6122,6042,6042,6042
misc,CAG-mat1916,9590,9590,9590,9442,9442,9442
misc,ca-GrQc,6520,6520,6520,6359,6356,6355
misc,ca-HepPh,19669,19669,19669,19351,19043,19007
misc,ca-HepTh,13313,13313,13313,12902,12809,12746
misc,caidaRouterLevel,222353,222346,222318,236311,221852,220203
misc,cant,81738,81738,81738,80743,80321,80321
misc,ca-opsahl-collaboration,35946,35946,35946,35607,34775,34325
misc,car4,51975,51975,51975,51926,51874,51773
misc,cari,7481,7481,7481,7408,7353,7305
misc,case39,43119,43119,43119,42985,42793,42793
misc,case9,15289,15289,15289,15213,15213,15213
misc,cat-ears-3-4,24745,24745,24745,24620,24521,24424
misc,cat-ears-4-4,79863,79863,79863,79728,79322,78812
misc,cavity05,2247,2247,2247,2236,2236,2236
misc,cavity06,2247,2247,2247,2242,2242,2242
misc,cavity07,2247,2247,2247,2234,2234,2234
misc,cavity08,2247,2247,2247,2238,2238,2238
misc,cavity09,2247,2247,2247,2240,2240,2240
misc,cavity10,4078,4078,4078,4062,4062,4060
misc,cavity11,4078,4078,4078,4058,4058,4058
misc,cavity12,4078,4078,4078,4072,4072,4072
misc,cavity13,4078,4078,4078,4066,4066,4066
misc,cavity14,4078,4078,4078,4066,4066,4066
misc,cavity16,6415,6415,6415,6411,6411,6411
misc,cavity17,6415,6415,6415,6406,6406,6406
misc,cavity18,6415,6415,6415,6406,6406,6406
misc,cavity19,6415,6415,6415,6406,6406,6406
misc,cavity20,6415,6415,6415,6406,6406,6406
misc,cavity21,6415,6415,6415,6408,6408,6408
misc,cavity22,6415,6415,6415,6413,6413,6413
misc,cavity23,6415,6415,6415,6410,6410,6410
misc,cavity24,6415,6415,6415,6406,6406,6406
misc,cavity25,6415,6415,6415,6409,6409,6409
misc,cavity26,6415,6415,6415,6413,6413,6413
misc,c-big,377063,377061,373659,389301,374087,372906
misc,cbuckle,19429,19429,19429,18487,18487,18486
misc,cca,54251,54251,54251,53996,53864,53756
misc,ccc,59181,59181,59181,59073,59037,58937
misc,cegb2802,6046,6046,6046,5995,5995,5995
misc,cegb2919,7011,7011,7011,6774,6774,6774
misc,cegb3024,4636,4636,4636,4486,4486,4486
misc,cegb3306,4488,4488,4488,4448,4448,4448
misc,cell1,8162,8162,8162,8102,8102,8102
misc,cell2,8176,8176,8176,8095,8095,8095
misc,cfd1,92161,92147,92143,97031,89865,89317
misc,cfd2,148445,148445,148442,158565,145617,144430
misc,cfinder-google,23895,23895,23895,23641,23381,23299
misc,ch,14174,14174,14174,14113,14054,14039
misc,ch6-6-b3,14686,14686,14686,14483,14307,14234
misc,ch6-6-b4,15210,15210,15210,14950,14839,14788
misc,ch7-6-b3,32371,32371,32371,32144,31721,31480
misc,ch7-6-b4,47209,47209,47209,47048,46598,46197
misc,ch7-6-b5,26143,26143,26143,26059,25881,25666
misc,ch7-7-b2,14130,14130,14130,13862,13676,13515
misc,ch7-7-b5,131521,130387,130387,131521,129664,128398
misc,ch7-8-b2,20616,20616,20616,20381,20194,20036
misc,ch7-8-b3,133924,132380,132380,132649,131750,130538
misc,ch7-8-b4,377838,377838,373313,377838,377838,371294
misc,ch7-8-b5,425124,425124,406902,425124,425124,404661
misc,ch7-9-b2,29054,29054,29054,28832,28631,28514
misc,ch7-9-b3,222402,218086,218086,222402,217825,215997
misc,ch7-9-b4,807812,807812,798157,807812,807812,797492
misc,ch8-8-b2,30532,30532,30532,30342,30215,30085
misc,ch8-8-b3,243710,239676,239112,243710,239732,237192
misc,ch8-8-b4,943897,943897,934131,943897,943897,933467
misc,Chebyshev2,2401,2401,2401,2401,2401,2401
misc,Chebyshev3,4449,4449,4449,4449,4449,4449
misc,Chem97Zt,33580,33580,33580,33580,33579,33579
misc,chem-master1,43202,43202,43202,43049,42967,42903
misc,chipcool0,27086,27086,27086,26815,26740,26740
misc,chipcool1,27086,27086,27086,26818,26709,26705
misc,circuit-1,3977,3977,3977,3935,3935,3935
misc,circuit-2,5427,5427,5427,5277,5275,5275
misc,circuit-3,12570,12570,12570,12544,12533,12533
misc,circuit-4,70769,70769,70769,70686,70659,70659
misc,cis-n4c6-b13,42130,42129,42129,40948,40139,40003
misc,cis-n4c6-b3,14652,14652,14652,14492,14378,14247
misc,cis-n4c6-b4,52176,52176,52176,51849,51541,51258
misc,citationCiteseer,356127,356127,356109,386861,385051,351806
misc,citeseer,558486,508729,508724,558409,558031,504381
misc,citeulike-ti,1058287,982819,982819,1058309,1058309,982537
misc,citeulike-ui,758371,758371,758371,758371,758012,757111
misc,citeulike-ut,229127,229127,229127,229127,228945,228623
misc,cit-HepPh,70154,70149,70132,75590,69648,67261
misc,cit-HepTh,60224,60220,60189,62220,58984,56840
misc,cit-HepTh2007,60155,60148,60137,63211,59218,56943
misc,ckt11752-dc-1,51487,51487,51487,51379,51312,51303
misc,ckt11752-tr-0,51487,51487,51487,51397,51338,51323
misc,CO,173486,173471,173441,186334,171276,169576
misc,co5,21263,21263,21263,21192,21121,21082
misc,co9,38232,38232,38232,38120,38077,38002
misc,coater1,2938,2938,2938,2883,2883,2883
misc,coater2,13346,13346,13346,13283,13283,13283
misc,coAuthorsCiteseer,264162,256771,256771,264162,255923,254365
misc,coAuthorsDBLP,382069,365530,365530,382059,381325,361216
misc,com-amazon,385047,376470,374371,385047,375138,371605
misc,com-dblp,407687,389759,389759,407702,404499,386090
misc,commanche-dual,8686,8686,8686,8670,8665,8665
misc,complex,7734,7734,7734,7577,7422,7324
misc,comsol,4289,4289,4289,4238,4238,4238
misc,cond-mat,19269,19269,19269,19014,18906,18881
misc,cond-mat-2003,39944,39923,39923,39623,38791,38571
misc,cond-mat-2005,54533,54460,54445,54559,53162,52358
misc,conf5-0-4x4-10,10421,10421,10421,9749,9321,9321
misc,conf5-0-4x4-14,10421,10421,10421,9793,9245,9192
misc,conf5-0-4x4-18,10421,10421,10421,9481,9121,9121
misc,conf5-0-4x4-22,10421,10421,10421,9818,9238,9189
misc,conf5-0-4x4-26,10421,10421,10421,10102,9911,9911
misc,conf5-4-8x8-05,103666,103666,103666,103672,103573,103573
misc,conf5-4-8x8-10,105045,105045,105045,105032,105017,105017
misc,conf5-4-8x8-15,104223,104223,104223,104243,104130,104130
misc,conf5-4-8x8-20,104701,104701,104701,104674,104630,104630
misc,conf6-0-4x4-20,10421,10421,10421,10041,9358,9358
misc,conf6-0-4x4-30,10421,10421,10421,9768,9544,9544
misc,conf6-0-8x8-20,103862,103862,103862,103862,103862,103862
misc,conf6-0-8x8-30,104169,104169,104169,104141,104053,104053
misc,conf6-0-8x8-80,105108,105108,105108,105017,104909,104909
misc,connectus,399111,399111,399110,399111,399108,399108
misc,cont11-l,419042,419042,419042,419042,419042,419042
misc,cont1-l,1426828,1426828,1426231,1426828,1426221,1426206
misc,cont-201,85719,85719,85719,85586,85549,85537
misc,cont-300,188651,188651,188651,188638,188319,188303
misc,cop20k-A,115485,115441,115412,121346,114041,113759
misc,coPapersCiteseer,169834,169833,169833,169822,169822,169822
misc,coPapersDBLP,37782,37782,37782,37782,37782,37782
misc,copter1,22961,22961,22961,22634,22576,22572
misc,copter2,67061,67058,67058,67343,66679,66599
misc,cora-agm-fcl-aid,23264,23264,23264,22602,21491,21162
misc,cora-subelj,33049,33045,33044,32638,31816,31511
misc,coupled,13730,13730,13730,13707,13707,13707
misc,cq5,19781,19781,19781,19727,19688,19653
misc,cq9,35293,35293,35293,35161,35081,34946
misc,crack,11555,11555,11555,11462,11462,11462
misc,crack-dual,21348,21348,21348,21331,21331,21331
misc,crankseg-1,47351,47351,47351,47351,47174,47010
misc,crashbasis,176201,174823,174823,176217,173719,173556
misc,crew1,9258,9258,9258,9127,9125,9122
misc,crplat2,25195,25195,25195,24066,23998,23998
misc,cryg10000,11353,11353,11353,11284,11284,11284
misc,cryg2500,3156,3156,3156,3100,3100,3100
misc,crystk01,10187,10187,10187,10143,10143,10143
misc,crystk02,25479,25479,25479,24617,24483,24483
misc,crystk03,41427,41427,41427,39495,38852,38851
misc,crystm01,7814,7814,7814,7506,7506,7506
misc,crystm02,19776,19776,19776,19136,19136,19136
misc,crystm03,32942,32942,32942,31941,31760,31745
misc,cs4,26491,26491,26491,26346,26268,26233
misc,ct20stif,63844,63842,63818,63334,62946,62939
misc,cti,21713,21713,21713,21594,21548,21548
misc,cvxbqp1,54345,54345,54345,54162,54073,54062
misc,cvxqp3,24951,24950,24950,24451,23787,23666
misc,cyl6,19321,19302,19302,18463,18463,18463
misc,D6-6,70117,70117,70117,70003,70002,70002
misc,dano3mip,29611,29611,29611,29508,29407,29291
misc,darcy003,398896,394359,394359,398896,394286,394182
misc,dawson5,56940,56894,56894,56300,56129,56129
misc,dbic1,290988,290633,290633,290986,290239,290183
misc,dbir1,92272,89774,89736,92864,86255,82057
misc,dbir2,92844,91041,90973,92809,87348,85495
misc,dblp-2010,345475,341157,341157,350541,340951,338317
misc,dblp-author,6210394,6210394,6005783,6210394,6210388,5897617
misc,dblp-cite,21021,21019,21018,20648,19915,19585
misc,dbpedia-country,591066,591066,591066,591032,591003,590989
misc,dbpedia-genre,268859,268859,268858,268859,268739,268668
misc,dbpedia-location,197924,197924,197924,197876,197536,197369
misc,dbpedia-occupation,143882,143882,143882,143787,143666,143654
misc,dbpedia-producer,171906,171890,171866,172970,170037,168652
misc,dbpedia-recordlabel,183316,183315,183315,183072,182209,182066
misc,dbpedia-starring,198251,193451,193451,198050,196354,190667
misc,dbpedia-team,988949,959443,959440,988949,988763,956835
misc,dbpedia-writer,120160,120160,120160,120200,119521,117990
misc,dc1,118843,118843,118843,118843,118843,118843
misc,dc2,118843,118843,118843,118843,118843,118843
misc,dc3,118843,118843,118843,118843,118843,118843
misc,debr,1229056,1229056,1209609,1229056,1229056,1209520
misc,degme,234050,229118,229118,234051,228869,228694
misc,delaunay-n13,9363,9363,9363,9290,9286,9286
misc,delaunay-n14,18070,18070,18070,17946,17941,17941
misc,delaunay-n15,35135,35135,35135,34979,34945,34939
misc,delaunay-n16,68877,68877,68877,68786,68626,68626
misc,delaunay-n17,135736,135736,135736,135757,135469,135426
misc,delaunay-n18,270469,268768,268768,270469,268610,268306
misc,delaunay-n19,535937,533812,533812,535937,533795,533140
misc,delf,9932,9932,9932,9819,9801,9790
misc,delicious-ut,347808,347808,347808,347806,347742,347511
misc,deltaX,107565,107443,107443,107571,106374,104870
misc,denormal,97529,97529,97529,97351,96984,96954
misc,descriptor-xingo6u,20462,20462,20462,20411,20409,20406
misc,deter0,8090,8090,8090,8060,8060,8060
misc,deter1,22326,22326,22326,22286,22268,22268
misc,deter2,24824,24824,24824,24729,24728,24728
misc,deter3,30707,30707,30707,30642,30640,30640
misc,deter4,13485,13485,13485,13456,13456,13456
misc,deter5,20828,20828,20828,20624,20624,20624
misc,deter6,17461,17461,17461,17272,17264,17264
misc,deter7,25427,25427,25427,25415,25415,25415
misc,deter8,15650,15650,15650,15612,15608,15608
misc,df2177,13975,13975,13975,13821,13664,13664
misc,dictionary28,47530,47524,47524,47097,46547,46295
misc,discogs-lgenre,271122,271121,271121,271116,271116,271116
misc,discogs-lstyle,252632,252632,252632,252632,252632,252630
misc,dixmaanl,60191,60191,60191,60191,60191,60191
misc,d-pretok,194484,194476,194476,194503,193857,193278
misc,dtoc,25119,25119,25119,25119,25119,25119
misc,Dubcova1,18638,18638,18638,18425,18425,18424
misc,Dubcova2,69891,69891,69891,69775,69705,69704
misc,Dubcova3,154311,154311,154311,153964,153714,153714
misc,dw1024,2681,2681,2681,2636,2636,2636
misc,dw2048,2701,2701,2701,2652,2652,2652
misc,dw4096,9721,9721,9721,9590,9589,9588
misc,dw8192,9680,9680,9680,9583,9583,9583
misc,e18,77231,77231,77231,77329,76509,75625
misc,e40r0100,23593,23593,23593,23121,23112,23112
misc,eat,82361,82361,82361,82350,82313,82313
misc,EAT-RS,82625,82625,82625,82594,82546,82522
misc,EAT-SR,82555,82555,82555,82539,82485,82485
misc,ecl32,55271,55271,55271,55132,55037,55032
misc,edit-dewiki,37443,37443,37443,37147,36724,36518
misc,edit-dewiktionary,153290,153289,153289,153335,153301,153189
misc,edit-enwikibooks,19449,19449,19449,18994,18584,18566
misc,edit-enwikinews,175997,175994,175993,176106,175194,174973
misc,edit-enwikiquote,118754,118750,118749,116387,113726,113202
misc,edit-eswiki,41943,41943,41943,41896,41814,41729
misc,edit-frwiki,285157,285133,285133,285157,285055,284841
misc,edit-frwikibooks,33837,33836,33836,33252,33063,33062
misc,edit-frwikinews,27599,27599,27599,27474,27448,27448
misc,elec,20567,20567,20567,20555,20548,20548
misc,email-Enron,53586,53572,53561,53581,52543,51372
misc,email-EuAll,282350,282350,282350,282322,281957,281880
misc,enron,89330,89330,89330,89090,87997,86740
misc,epb0,2197,2197,2197,2110,2110,2110
misc,epb1,16662,16662,16662,16547,16546,16546
misc,epb2,28713,28713,28713,28503,28503,28503
misc,epb3,88444,88444,88444,88381,88354,88337
misc,epinions,214365,214365,214365,214365,214256,214184
misc,epinions-rating,273099,271918,271918,273099,271193,268293
misc,escorts,23147,23147,23147,22717,22160,22160
misc,EternityII-A,181190,181190,181190,181175,180986,180861
misc,EternityII-E,313520,313472,313472,316034,315916,304258
misc,EternityII-Etilde,250672,250672,250672,250653,250583,250322
misc,eurqsa,10068,10068,10068,9555,9533,9512
misc,ex10,3706,3706,3706,3579,3579,3579
misc,ex10hs,3820,3820,3820,3761,3761,3761
misc,ex11,28384,28382,28381,27248,27104,27104
misc,ex12,5670,5670,5670,5438,5438,5438
misc,ex13,4160,4160,4160,4103,4103,4103
misc,ex14,4890,4890,4890,4857,4857,4857
misc,ex15,8635,8635,8635,8538,8538,8538
misc,ex18,7218,7218,7218,7124,7124,7124
misc,ex19,13947,13947,13947,13703,13703,13703
misc,ex20,3701,3701,3701,3627,3626,3626
misc,ex23,2633,2633,2633,2540,2540,2540
misc,ex24,3546,3546,3546,3465,3465,3465
misc,ex26,4216,4216,4216,4120,4120,4120
misc,ex28,4013,4013,4013,3869,3869,3869
misc,ex29,3637,3637,3637,3581,3581,3581
misc,ex3,3140,3140,3140,3099,3099,3099
misc,ex31,5685,5685,5685,5598,5598,5596
misc,ex33,2647,2647,2647,2535,2535,2535
misc,ex35,21763,21763,21763,21528,21527,21527
misc,ex36,4322,4322,4322,4303,4303,4303
misc,ex37,3683,3683,3683,3671,3671,3646
misc,ex3sta1,41447,41447,41447,41361,41361,41354
misc,EX4,10929,10929,10929,10665,10636,10636
misc,ex40,15069,15069,15069,14703,14703,14702
misc,EX5,23958,23958,23958,23580,23432,23432
misc,EX6,24181,24181,24181,23647,23372,23372
misc,ex7,3321,3321,3321,3214,3214,3214
misc,ex8,5233,5233,5233,5132,5132,5131
misc,ex9,5135,5135,5135,5066,5066,5066
misc,exdata-1,21406,21406,21406,21429,20969,20865
misc,extr1,6050,6050,6050,5875,5818,5777
misc,extr1b,6048,6048,6048,5844,5800,5772
misc,f855-mat9,17390,17390,17390,17137,17092,17092
misc,f855-mat9-I,16724,16724,16724,16542,16530,16530
misc,FA,26821,26820,26811,26260,24854,23881
misc,facebook-wosn-links,160027,160015,159988,165094,164759,157105
misc,facebook-wosn-wall,85218,85180,85158,87584,83228,79612
misc,fd12,18752,18752,18752,18158,17576,17213
misc,fd15,28792,28792,28792,28333,27200,26640
misc,fd18,40238,40238,40238,39933,38572,37624
misc,fe-4elt2,12558,12558,12558,12478,12478,12478
misc,fe-body,46956,46956,46956,46821,46811,46811
misc,FEM-3D-thermal1,25752,25751,25751,24842,24758,24758
misc,FEM-3D-thermal2,61796,61794,61794,70647,59759,59735
misc,fem-filter,93607,92878,92878,93607,90837,89367
misc,fe-ocean,159604,159604,159604,159489,159410,159329
misc,fe-rotor,112970,112969,112969,114465,112581,112263
misc,fe-sphere,18563,18563,18563,18420,18416,18416
misc,fe-tooth,89282,89281,89281,89249,88898,88799
misc,filter2D,2158,2158,2158,2113,2113,2113
misc,filter3D,122089,122084,122084,129618,120409,120331
misc,finan512,78935,78935,78935,78764,78523,78522
misc,finance256,41245,41245,41245,41104,41088,41087
misc,flickr,1044490,1017483,1006609,1044489,1044489,1004077
misc,flickrEdges,252760,252731,252731,252742,252672,252160
misc,flickr-groupmemberships,1085767,1085713,1085713,1085767,1085767,1084749
misc,flickr-links,334024,334024,334024,334024,334012,326684
misc,flower-4-4,11274,11274,11274,11068,10970,10969
misc,flower-5-4,28980,28980,28980,28744,28367,28108
misc,flower-7-4,122606,122584,122578,128233,120356,117241
misc,flower-8-4,220714,220679,220669,229950,218524,214773
misc,flowmeter0,11165,11165,11165,11069,11069,11069
misc,flowmeter5,11165,11165,11165,11072,11072,11069
misc,foldoc,31538,31538,31538,31213,29786,29228
misc,fome11,48994,48994,48994,48612,47617,46965
misc,fome12,93360,92282,92282,92321,91322,89779
misc,fome13,175304,172831,172831,180476,171955,170284
misc,fome20,154572,154572,154572,154528,154378,154127
misc,fome21,303319,302962,302962,303319,302748,302349
misc,ford1,20219,20219,20219,20165,20163,20163
misc,ford2,103972,103972,103972,103901,103801,103787
misc,fp,16983,16983,16983,16980,16949,16949
misc,fpga-trans-02,1565,1565,1565,1556,1554,1554
misc,Franz10,47222,47222,47222,46147,44575,43379
misc,Franz11,149097,149063,149010,163030,144555,134359
misc,Franz2,14034,14034,14034,13404,13198,13111
misc,Franz4,25570,25570,25570,25274,25133,25133
misc,Franz5,20947,20947,20947,20599,20437,20393
misc,Franz6,23150,23150,23150,22726,22456,22366
misc,Franz7,19977,19977,19977,19708,19520,19427
misc,Franz8,50220,50220,50220,50041,49469,49152
misc,Franz9,43505,43505,43505,43254,42478,42422
misc,fs-EAT-SR,82236,82236,82236,82214,82122,81983
misc,fs-FA,26821,26820,26811,26650,26284,26284
misc,fv1,11423,11423,11423,11325,11325,11325
misc,fv2,11630,11630,11630,11507,11503,11497
misc,fv3,11630,11630,11630,11507,11507,11507
misc,fxm2-16,12041,12041,12041,12003,11980,11970
misc,fxm2-6,5327,5327,5327,5250,5241,5241
misc,fxm3-16,128409,128409,128409,128398,128394,128384
misc,fxm3-6,6198,6198,6198,6177,6177,6177
misc,fxm4-6,70650,70650,70650,70511,70464,70455
misc,G22,11314,11314,11314,10387,10221,10132
misc,G23,11272,11272,11272,10384,10149,10061
misc,G24,11282,11282,11282,10364,10177,10086
misc,G25,11281,11281,11281,10354,10165,10044
misc,G26,11271,11271,11271,10318,10104,10013
misc,G27,11272,11272,11272,10356,10172,10067
misc,G28,11278,11278,11278,10328,10129,10054
misc,G29,11245,11245,11245,10360,10142,10033
misc,G2-circuit,158114,158114,158114,158011,157786,157625
misc,G30,11267,11267,11267,10385,10176,10082
misc,G31,11339,11339,11339,10346,10138,10058
misc,G3-circuit,169251,169251,169251,169183,169148,169109
misc,g3rmt3m3,8012,8012,8012,7820,7820,7818
misc,G56,11136,11136,11136,10533,10245,10092
misc,G58,13114,13103,13103,12851,12846,12846
misc,G59,13098,13098,13098,12586,12378,12296
misc,G60,15264,15264,15264,14652,14244,13990
misc,G61,15264,15264,15264,14665,14194,13978
misc,G62,8201,8201,8201,8130,8130,8130
misc,G63,18240,18240,18240,17932,17781,17781
misc,G64,18193,18193,18193,17864,17826,17826
misc,G65,9311,9311,9311,9191,9162,9134
misc,G66,10357,10357,10357,10262,10220,10196
misc,G67,11458,11458,11458,11373,11327,11278
misc,g7jac010,5145,5145,5145,4952,4932,4922
misc,g7jac010sc,5145,5145,5145,5022,5021,5021
misc,g7jac020,9589,9589,9589,9341,9341,9341
misc,g7jac020sc,9589,9589,9589,9339,9339,9339
misc,g7jac040,18125,18125,18125,17754,17626,17626
misc,g7jac040sc,18125,18125,18125,17770,17637,17633
misc,g7jac050sc,22416,22416,22416,22100,21815,21694
misc,g7jac060,26605,26605,26605,26375,26004,25930
misc,g7jac060sc,26605,26605,26605,26369,26025,25973
misc,g7jac080,34420,34420,34420,34301,33796,33681
misc,g7jac080sc,34420,34420,34420,34264,33812,33747
misc,g7jac100,42197,42197,42197,42143,41588,41507
misc,g7jac100sc,42197,42197,42197,42109,41586,41482
misc,g7jac120,49676,49676,49676,49711,49028,48851
misc,g7jac120sc,49676,49676,49676,49597,48986,48856
misc,g7jac140,57671,57671,57671,57577,56885,56616
misc,g7jac140sc,57671,57671,57671,57581,56860,56672
misc,g7jac160,66625,64513,64513,68703,63837,63549
misc,g7jac160sc,66625,64513,64513,68703,63907,63652
misc,g7jac180,73878,72619,72619,76778,71968,71552
misc,g7jac180sc,73878,72619,72619,76778,71870,71564
misc,g7jac200,82134,81001,81001,85941,80242,79784
misc,g7jac200sc,82134,81001,81001,85941,80132,79754
misc,Ga19As19H42,256907,254137,254067,256907,256410,243475
misc,GaAsH6,130284,130284,130284,130281,130183,129695
misc,garon1,5025,5025,5025,4930,4930,4930
misc,garon2,17158,17158,17158,16689,16689,16684
misc,gas-sensor,87905,87903,87903,93033,85107,84484
misc,ge,28650,28650,28650,28584,28517,28469
misc,Ge87H76,127273,127258,127254,134511,124413,122242
misc,Ge99H100,229898,225070,225066,229879,229774,217204
misc,gemat1,17044,17044,17044,16908,16908,16908
misc,gemat11,12913,12913,12913,12338,12184,12183
misc,gemat12,13023,13023,13023,12298,12161,12155
misc,gen,10477,10477,10477,10150,10131,10119
misc,gen1,10477,10477,10477,10045,10028,10028
misc,gen2,12990,12990,12990,12668,12646,12646
misc,gen4,16092,16092,16092,15672,15612,15612
misc,github,205130,205130,205130,205130,204404,204294
misc,GL7d12,21409,21395,21395,20067,18908,18523
misc,GL7d13,161341,161317,159113,173746,158048,148359
misc,GL7d14,830136,719399,717261,830136,830136,705308
misc,GL7d22,921990,861086,861084,921990,921700,845114
misc,GL7d24,265478,265473,265406,286864,286864,252238
misc,GL7d25,42671,42661,42660,41392,39724,38671
misc,goodwin,10643,10643,10643,10506,10506,10506
misc,gottron-excellent,379571,379571,379571,379571,379571,379570
misc,graham1,12766,12766,12766,12605,12605,12605
misc,graphics,42822,42822,42822,42666,42601,42541
misc,gridgena,53636,53636,53636,53311,53163,53157
misc,GT01R,13574,13574,13574,13521,13521,13521
misc,gupta1,51649,51649,51649,51364,50579,50537
misc,gupta2,99943,99469,99469,99943,99224,98596
misc,gyro,23185,23180,23180,22940,22721,22721
misc,gyro-k,23185,23180,23180,22892,22538,22538
misc,gyro-m,19353,19353,19353,19223,19220,19220
misc,H2O,141699,141699,141699,141635,141339,140863
misc,Hamrle2,11899,11899,11899,11668,11523,11429
misc,Hamrle3,950686,950686,950686,951385,950131,949615
misc,hcircuit,106537,106537,106537,106499,106475,106467
misc,heart1,14926,14926,14926,14830,14683,14638
misc,heart2,9440,9440,9440,9346,9301,9300
misc,heart3,9440,9440,9440,9300,9243,9243
misc,helm2d03,402928,401850,401850,402923,401165,401058
misc,helm3d01,40649,40649,40649,40418,40082,40079
misc,hep-th,9044,9044,9044,8894,8876,8876
misc,HEP-th-new,60224,60220,60189,63126,58878,56675
misc,HTC-336-4438,230726,229605,229605,229688,229336,229268
misc,HTC-336-9129,230767,229620,229620,230767,229267,229262
misc,hugetrace-00000,621729,621729,621729,621729,621729,621729
misc,hvdc1,25706,25706,25706,25644,25639,25639
misc,hvdc2,191684,191684,191684,191630,191547,191541
misc,hydr1,10959,10959,10959,10658,10517,10456
misc,hydr1c,10959,10959,10959,10651,10549,10471
misc,ibm-matrix-2,65993,65993,65993,65964,65900,65900
misc,IG5-11,7631,7631,7631,7324,7324,7324
misc,IG5-12,13876,13876,13876,13498,13461,13461
misc,IG5-13,23501,23501,23501,23069,22682,22682
misc,IG5-14,39341,39341,39341,38995,38456,38456
misc,IG5-15,64667,64667,64667,64618,63611,63177
misc,IG5-16,105817,105817,105817,105784,101864,97505
misc,IG5-17,166700,166700,166700,166698,162029,157481
misc,IG5-18,260063,260063,260063,260054,259912,246406
misc,igbt3,13501,13501,13501,13292,13261,13261
misc,Ill-Stokes,27087,27087,27087,26468,26277,26277
misc,image-interp,363883,363064,363064,363873,362676,362646
misc,init-adder1,2501,2501,2501,2410,2410,2407
misc,inlet,15917,15917,15917,15684,15684,15684
misc,ins2,310189,310189,310189,310189,310177,310176
misc,internet,129444,129444,129444,129285,129245,129174
misc,invextr1-new,48003,48003,48002,44903,44227,44227
misc,italy-osm,1163830,1163830,1163830,1163830,1163830,1163830
misc,jan99jac020,9501,9501,9501,9318,9283,9261
misc,jan99jac020sc,9501,9501,9501,9322,9283,9270
misc,jan99jac040,18575,18575,18575,18276,18198,18185
misc,jan99jac040sc,18575,18575,18575,18284,18229,18069
misc,jan99jac060,27139,27139,27139,26884,26676,26644
misc,jan99jac060sc,27240,27240,27240,26964,26746,26725
misc,jan99jac080,35564,35564,35564,35616,35038,35031
misc,jan99jac080sc,35564,35564,35564,35343,34996,34962
misc,jan99jac100,43917,43917,43917,43794,43413,43368
misc,jan99jac100sc,43917,43917,43917,43657,43210,43078
misc,jan99jac120,52170,52170,52170,52081,51352,51201
misc,jan99jac120sc,52170,52170,52170,52032,51562,51416
misc,jendrec1,9940,9940,9940,9935,9935,9935
misc,jester1,78836,78836,78833,78833,78832,78832
misc,jester2,56408,56408,56408,56408,56408,56408
misc,jnlbrng1,42806,42806,42806,42658,42618,42601
misc,juba40k,39491,39491,39491,39464,39449,39448
misc,k1-san,72601,72601,72601,72526,72446,72431
misc,k3plates,14594,14594,14594,14157,14142,14142
misc,karted,201556,200579,200579,201556,200497,200014
misc,Kaufhold,9165,9165,9165,9124,9123,9123
misc,Kemelmacher,42191,42191,42191,42099,42011,41985
misc,kim1,45538,45538,45538,45050,44883,44883
misc,kim2,66092,66089,66089,65648,65427,65417
misc,kkt-power,161089,161088,161088,161085,160989,160974
misc,kl02,39138,39138,39138,39122,39117,39116
misc,kneser-10-4-1,709710,709071,709071,709710,709000,708746
misc,kneser-8-3-1,35769,35769,35769,35186,34913,34726
misc,kron-g500-logn16,206877,206877,206877,206877,206834,206788
misc,Kuu,9931,9931,9931,9718,9718,9718
misc,l30,20511,20511,20511,20278,20266,20266
misc,L-9,19752,19752,19752,19654,19635,19592
misc,laminar-duct3D,90516,90512,90507,96628,86330,85968
misc,landmark,79559,79559,79559,79532,79318,79304
misc,language,501517,501512,494197,507272,506163,491884
misc,large,12932,12932,12932,12771,12733,12732
misc,lasagne-spanishbook,20091,20073,20073,18787,18599,18591
misc,Lederberg,14579,14572,14572,14035,13633,13529
misc,LF10000,20124,20124,20124,20124,20124,20124
misc,LFAT5000,20099,20099,20099,20099,20099,20099
misc,lhr01,4747,4747,4747,4498,4466,4466
misc,lhr02,7789,7789,7789,7553,7481,7438
misc,lhr04,11500,11500,11500,11225,11071,10950
misc,lhr04c,11500,11500,11500,11242,11049,10976
misc,lhr07,17946,17946,17946,17660,17229,17068
misc,lhr07c,17946,17946,17946,17647,17268,17070
misc,lhr10,25354,25354,25354,25164,24723,24597
misc,lhr10c,25354,25354,25354,25153,24716,24656
misc,lhr11,25886,25886,25886,25672,25226,25029
misc,lhr11c,25886,25886,25886,25694,25291,25026
misc,lhr14,32325,32325,32325,32176,31631,31328
misc,lhr14c,32325,32325,32325,32180,31591,31337
misc,lhr17,39059,39059,39059,38986,38439,38063
misc,lhr17c,39059,39059,39059,39058,38450,38090
misc,lhr34,72037,68559,68559,72037,67930,67308
misc,lhr34c,72037,68559,68559,72037,67962,67262
misc,lhr71,128792,123157,123157,128792,122517,121556
misc,lhr71c,128792,123157,123157,128792,122539,121480
misc,li,44004,44002,43980,41616,40862,40773
misc,light-in-tissue,32762,32762,32762,32642,32582,32566
misc,Lin,285221,285221,285221,285211,285170,285130
misc,linux,45484,45484,45484,45520,44852,44586
misc,linverse,12188,12188,12188,12188,12188,12188
misc,lkml-person-thread,364955,364955,364955,364955,364255,364115
misc,lkml-reply,45013,45013,45013,44943,44858,44858
misc,lns-3937,5321,5321,5321,5209,5204,5201
misc,lnsp3937,5311,5311,5311,5208,5203,5200
misc,loc-brightkite-edges,89532,89512,89471,90950,88405,85704
misc,loc-gowalla-edges,295330,295300,295300,304705,303722,292562
misc,lock1074,2763,2763,2763,2696,2696,2696
misc,lock2232,3913,3913,3913,3801,3801,3798
misc,lock3491,5984,5984,5984,5931,5931,5931
misc,lp1,534504,534451,534451,534451,534451,534451
misc,lp22,29188,29188,29188,28988,28855,28576
misc,lp-80bau3b,15453,15453,15453,15383,15352,15342
misc,lp-bnl2,8083,8083,8083,8040,8024,8016
misc,lp-cre-a,12266,12266,12266,12140,12130,12130
misc,lp-cre-b,93589,93589,93589,93518,93280,93157
misc,lp-cre-c,11031,11031,11031,10904,10863,10835
misc,lp-cre-d,89847,89847,89847,89812,89586,89425
misc,lp-cycle,6878,6878,6878,6794,6766,6744
misc,lp-d2q06c,9952,9952,9952,9864,9835,9809
misc,lp-d6cube,10895,10895,10895,10533,10293,10217
misc,lp-degen3,7138,7138,7138,6884,6820,6812
misc,lp-dfl001,25679,25679,25679,25230,24603,24350
misc,lp-fit2d,11720,11720,11720,11720,11720,11720
misc,lp-fit2p,17682,17682,17682,17679,17679,17678
misc,lp-greenbea,10536,10536,10536,10394,10378,10363
misc,lp-greenbeb,10536,10536,10536,10417,10396,10391
misc,lpi-bgindy,19263,19263,19263,19093,19000,18986
misc,lpi-ceria3d,10439,10439,10439,10239,10157,10098
misc,lpi-gosh,21784,21784,21784,21772,21750,21692
misc,lpi-gran,6488,6488,6488,6453,6453,6453
misc,lpi-greenbea,10474,10474,10474,10331,10286,10270
misc,lp-ken-11,39320,39320,39320,39244,39236,39236
misc,lp-ken-13,77133,77133,77133,77075,76912,76755
misc,lp-ken-18,270660,270630,270630,270217,270063,269903
misc,lpl1,41598,41598,41598,41399,41075,41027
misc,lpl2,16801,16801,16801,16751,16746,16745
misc,lpl3,49695,49695,49695,49637,49606,49602
misc,lp-maros-r7,21644,21644,21644,20423,20191,19812
misc,lp-nug12,21772,21772,21772,21585,21508,21498
misc,lp-nug15,48113,48113,48113,47923,47739,47653
misc,lp-nug20,134821,134098,134098,134145,133640,133295
misc,lp-nug30,593846,592200,592013,593846,592091,591254
misc,lp-osa-07,29948,29948,29948,29832,29741,29741
misc,lp-osa-14,61080,61080,61080,61062,60864,60759
misc,lp-osa-30,112808,112780,112780,112773,112727,112492
misc,lp-osa-60,257694,257667,257667,257645,257637,257537
misc,lp-pds-02,12409,12409,12409,12296,12280,12280
misc,lp-pds-06,44622,44622,44622,44542,44392,44303
misc,lp-pds-10,74189,74189,74189,74122,74000,73844
misc,lp-pds-20,154572,154572,154572,154518,154343,154097
misc,lp-pilot,10272,10272,10272,10133,10073,10034
misc,lp-pilot87,14142,14142,14142,13908,13762,13663
misc,lp-pilot-ja,4938,4938,4938,4868,4855,4855
misc,lp-pilotnov,5013,5013,5013,4892,4885,4885
misc,lp-qap12,21901,21901,21901,21739,21667,21616
misc,lp-qap15,47903,47903,47903,47780,47633,47592
misc,lp-stocfor3,40921,40921,40921,40920,40914,40910
misc,lp-truss,11842,11842,11842,11784,11775,11775
misc,lp-wood1p,6480,6480,6480,6219,6011,5678
misc,lp-woodw,11806,11806,11806,11740,11738,11738
misc,lung1,1796,1796,1796,1788,1788,1788
misc,lung2,109694,109694,109694,109692,109686,109684
misc,luxembourg-osm,115013,115013,115013,115008,115008,115005
misc,m133-b3,489101,489101,475903,489101,489101,474140
misc,m14b,247599,241754,241751,247590,241355,240199
misc,mac-econ-fwd500,222400,221370,221370,222400,221217,221143
misc,majorbasis,176708,174823,174823,176690,173694,173472
misc,man-5976,8836,8836,8836,8603,8603,8603
misc,Maragal-3,5876,5876,5876,5241,5170,5153
misc,Maragal-4,7259,7259,7259,6755,6755,6755
misc,Maragal-5,17959,17959,17959,16299,15313,15017
misc,Maragal-6,71706,69873,69873,71473,61096,56285
misc,Maragal-7,138104,130248,130248,138104,125866,119945
misc,Maragal-8,173098,163465,163465,173521,156386,147931
misc,mario001,39816,39816,39816,39749,39742,39742
misc,mario002,398896,394359,394359,394404,394275,394170
misc,mark3jac020,13666,13666,13666,13376,13339,13335
misc,mark3jac020sc,13666,13666,13666,13385,13328,13304
misc,mark3jac040,25648,25648,25648,25393,25256,25223
misc,mark3jac040sc,25648,25648,25648,25418,25267,25201
misc,mark3jac060,36997,36997,36997,36658,36314,36265
misc,mark3jac060sc,36997,36997,36997,36733,36356,36266
misc,mark3jac080,48007,48007,48007,47841,47625,47505
misc,mark3jac080sc,48007,48007,48007,47846,47548,47446
misc,mark3jac100,58214,58214,58214,58057,57725,57654
misc,mark3jac100sc,58214,58214,58214,58045,57775,57664
misc,mark3jac120,68830,68830,68830,68720,68412,68319
misc,mark3jac120sc,68830,68830,68830,68808,68411,68294
misc,mark3jac140,5811,5811,5811,5574,5557,5551
misc,mark3jac140sc,79618,79618,79618,79549,79136,78871
misc,matrix-9,126754,126754,126754,126589,126523,126517
misc,mc2depi,538040,537389,537389,538031,536816,536482
misc,meg1,8429,8429,8429,8205,8079,7991
misc,meg4,7102,7102,7102,6972,6972,6972
misc,memplus,19222,19222,19222,19204,19196,19189
misc,mesh-deform,247029,246459,246459,246422,246406,246404
misc,mhd1280a,2977,2977,2977,2942,2942,2942
misc,mhd1280b,1733,1733,1733,1733,1733,1733
misc,mhd3200a,3953,3953,3953,3952,3952,3952
misc,mhd3200b,3300,3300,3300,3299,3299,3299
misc,mhd4800a,5518,5518,5518,5512,5512,5512
misc,mhd4800b,4900,4900,4900,4899,4899,4899
misc,mimo28x28-system,13152,13152,13152,13126,13126,13126
misc,mimo46x46-system,13158,13158,13158,13138,13132,13132
misc,mimo8x8-system,13225,13225,13225,13176,13170,13170
misc,minsurfo,43670,43670,43670,43573,43502,43502
misc,misc-jung-code-dep,9971,9971,9971,9386,9173,9173
misc,misc-Reuters911,46973,46973,46973,46962,46922,46893
misc,mixtank-new,47609,47609,47609,47609,44962,44961
misc,mk10-b3,13983,13983,13983,13709,13550,13489
misc,mk11-b2,14268,14268,14268,14022,13782,13520
misc,mk11-b3,45979,45979,45979,45849,45359,44894
misc,mk11-b4,39954,39954,39954,39855,39713,39448
misc,mk11-b4b,37672,37672,37672,37543,37355,37073
misc,mk12-b2,25004,25004,25004,24749,24454,24215
misc,mk12-b3,126185,126129,126129,126047,125621,124857
misc,mk12-b4,191498,189917,189917,191498,189186,187911
misc,mk12-b5,72765,72765,72765,72765,72765,72765
misc,mk13-b5,563449,563449,561161,563449,563449,560080
misc,mod2,108844,108844,108844,108703,108541,108451
misc,model10,26556,26556,26556,26502,26465,26424
misc,model3,7996,7996,7996,7948,7927,7913
misc,model4,9303,9303,9303,9230,9178,9175
misc,model5,18092,18092,18092,18005,17965,17952
misc,model6,9585,9585,9585,9511,9459,9448
misc,model7,15483,15483,15483,15440,15405,15365
misc,model8,11913,11913,11913,11796,11716,11707
misc,model9,15943,15943,15943,15928,15910,15904
misc,moreno-blogs,16930,16930,16930,16875,16439,16342
misc,movielens-10m-ti,36741,36741,36741,36491,36405,36405
misc,movielens-10m-ui,20493,20493,20493,19499,19019,19019
misc,movielens-10m-ut,26560,26560,26548,25990,25096,24581
misc,movielens-1m,53100,53100,53100,53096,53095,53095
misc,mplate,11115,11115,11115,11074,11074,11074
misc,mri1,187840,187832,187832,187919,187373,186864
misc,mri2,173140,173139,173101,173326,172783,172651
misc,msc01050,2415,2415,2415,2356,2356,2356
misc,msc01440,3130,3130,3130,3077,3077,3077
misc,msc04515,6555,6555,6555,6361,6361,6360
misc,msc10848,18421,18421,18421,18408,18367,18367
misc,msc23052,29765,29765,29765,29237,29039,29037
misc,mult-dcop-01,32889,32889,32889,32130,32032,32032
misc,mult-dcop-02,34237,34237,34236,33182,31936,31876
misc,mult-dcop-03,32171,32171,32171,31844,31798,31798
misc,munmun-digg-reply,58612,58612,58612,58138,57215,56853
misc,munmun-twitter-social,520919,520919,520919,520919,520565,520059
misc,Muu,8870,8870,8870,8566,8566,8566
misc,n2c6-b5,16214,16214,16214,15926,15851,15848
misc,n2c6-b6,21710,21710,21710,21367,21296,21276
misc,n2c6-b7,18957,18957,18957,18634,18216,18091
misc,n3c6-b5,16343,16343,16343,15968,15923,15923
misc,n3c6-b6,23254,23254,23254,22998,22929,22907
misc,n3c6-b7,13673,13673,13673,13288,13263,13252
misc,n3c6-b8,23501,23501,23501,23090,22868,22835
misc,n3c6-b9,15527,15527,15527,15343,15247,15113
misc,n4c5-b5,14618,14618,14618,14233,14173,14122
misc,n4c5-b6,18107,18107,18107,17837,17749,17702
misc,n4c5-b7,16511,16511,16511,16263,16171,16102
misc,n4c5-b8,10295,10295,10295,10118,10066,10012
misc,n4c6-b10,604164,604164,597483,604165,604165,596241
misc,n4c6-b11,343140,343138,343096,354675,354675,325978
misc,n4c6-b12,142059,142051,142050,152164,137355,134206
misc,n4c6-b13,42130,42129,42129,40978,40173,40086
misc,n4c6-b3,14652,14652,14652,14508,14390,14266
misc,n4c6-b4,52176,52176,52176,51915,51529,51307
misc,n4c6-b5,145189,144061,144061,145189,143007,141913
misc,n4c6-b6,315926,314117,312738,315926,314154,309578
misc,n4c6-b7,536642,536642,530083,536642,536642,528089
misc,n4c6-b8,715230,715230,707907,715230,715230,707156
misc,n4c6-b9,751432,751432,742712,751432,751432,742536
misc,Na5,17045,17045,17045,16680,16314,16266
misc,nasa1824,3090,3090,3090,3038,3038,3038
misc,nasa2146,3964,3964,3964,3941,3941,3941
misc,nasa2910,5580,5580,5580,5580,5580,5580
misc,nasa4704,6902,6902,6902,6681,6681,6681
misc,nasasrb,67093,67093,67087,65504,65116,65100
misc,ncvxbqp1,54345,54345,54345,54167,54062,54057
misc,ncvxqp1,17613,17613,17613,17087,16921,16921
misc,ncvxqp3,91366,91043,91043,97493,90066,88926
misc,ncvxqp5,76342,76342,76342,76121,75461,74968
misc,ncvxqp7,105882,105875,105875,112668,105012,104051
misc,ncvxqp9,17520,17520,17520,17482,17468,17451
misc,nd3k,32837,32837,32837,32830,32756,32684
misc,nd6k,15315,15315,15315,15297,15283,15283
misc,nemeth01,11900,11900,11900,11897,11897,11897
misc,nemeth02,10948,10948,10948,10929,10929,10929
misc,nemeth03,10948,10948,10948,10928,10928,10928
misc,nemeth04,10948,10948,10948,10929,10929,10929
misc,nemeth05,10948,10948,10948,10929,10929,10929
misc,nemeth06,10948,10948,10948,10929,10929,10929
misc,nemeth07,10963,10963,10963,10923,10923,10923
misc,nemeth08,10961,10961,10961,10924,10924,10924
misc,nemeth09,10979,10979,10979,10960,10960,10960
misc,nemeth10,10928,10928,10928,10922,10918,10906
misc,nemeth11,10925,10925,10925,10902,10902,10899
misc,nemeth12,11076,11076,11076,11076,11076,11076
misc,nemeth13,11224,11224,11224,11224,11220,11208
misc,nemeth14,11232,11232,11232,11224,11224,11224
misc,nemeth15,11469,11469,11469,11463,11463,11463
misc,nemeth16,11577,11577,11577,11577,11577,11577
misc,nemeth17,11719,11719,11719,11691,11691,11691
misc,nemeth18,11905,11905,11905,11900,11900,11900
misc,nemeth19,12398,12398,12398,12397,12397,12397
misc,nemeth20,12922,12922,12922,12918,12918,12918
misc,nemeth21,13524,13524,13524,13524,13524,13524
misc,nemeth22,14189,14189,14189,14181,14181,14181
misc,nemeth23,14715,14715,14715,14705,14701,14701
misc,nemeth24,14737,14737,14737,14732,14732,14732
misc,nemeth25,14742,14742,14742,14731,14731,14731
misc,nemeth26,14753,14753,14753,14747,14745,14745
misc,nemsemm1,82505,82505,82505,82486,82466,82458
misc,nemsemm2,57556,57556,57556,57552,57549,57549
misc,nemspmm1,14186,14186,14186,14079,14019,13980
misc,nemspmm2,14205,14205,14205,14032,13946,13928
misc,nemswrld,40953,40953,40953,40809,40651,40558
misc,neos,1017158,1012329,1012329,1017160,1012303,1012159
misc,neos1,295810,293568,293568,295810,293470,293454
misc,neos2,295788,293480,293480,295788,293287,293243
misc,neos3,1108093,1103407,1103370,1108093,1103373,1103286
misc,net100,64618,61063,61063,64618,60298,60036
misc,net125,81125,76666,76666,81125,75349,74975
misc,net150,98054,92111,92111,98054,90403,90045
misc,net25,20358,20358,20358,20226,20217,20217
misc,net4-1,94205,94205,94157,93671,93604,93604
misc,net50,33102,33102,33102,33035,32636,32571
misc,net75,47984,47984,47984,48546,47093,45871
misc,nl,26129,26129,26129,26046,25933,25828
misc,nmos3,22056,22056,22056,21811,21787,21784
misc,nopoly,11753,11753,11753,11696,11695,11694
misc,nopss-11k,11663,11663,11663,11612,11611,11611
misc,NotreDame-actors,726500,688404,688401,726576,726243,683514
misc,NotreDame-www,267769,266587,266587,267835,264980,264352
misc,ns3Da,33903,33903,33903,33897,33792,33792
misc,nsct,74317,74317,74317,74315,74222,74143
misc,nsir,21671,21671,21671,21416,21266,21265
misc,nug08-3rd,87951,87885,87881,91799,82508,77637
misc,nw14,125425,125423,125423,125418,125417,125417
misc,obstclae,42793,42793,42793,42666,42655,42655
misc,ODLIS,6680,6680,6680,6296,6291,6291
misc,offshore,288399,288296,288296,300780,289389,286636
misc,oilpan,84287,84287,84287,83608,83349,83300
misc,olafu,23040,23034,23032,22372,22320,22320
misc,olesnik0,94128,94128,94128,93924,93610,93528
misc,olm5000,5116,5116,5116,5116,5116,5116
misc,onera-dual,93862,93862,93862,93778,93461,93330
misc,onetone1,51435,51435,51435,51426,51335,51335
misc,onetone2,42910,42910,42910,42593,42423,42423
misc,OPF-10000,44985,44985,44985,44945,44941,44941
misc,OPF-3754,16167,16167,16167,16150,16150,16150
misc,OPF-6000,30999,30999,30999,30963,30963,30956
misc,opsahl-openflights,5013,5013,5013,4856,4856,4856
misc,opsahl-ucsocial,6069,6069,6069,5793,5793,5793
misc,opsahl-usairport,4426,4426,4426,4207,4206,4206
misc,opt1,26049,26049,26049,26028,25925,25925
misc,orani678,8794,8794,8794,8540,8495,8495
misc,Oregon-1,13407,13401,13401,13097,12960,12935
misc,Oregon-2,14612,14604,14602,14155,13968,13941
misc,orsreg-1,3420,3420,3420,3358,3358,3358
misc,p010,34170,34170,34170,33996,33898,33881
misc,p05,18354,18354,18354,18225,18167,18147
misc,p2p-Gnutella04,28839,28839,28839,28157,26528,25730
misc,p2p-Gnutella05,23039,23039,23039,22321,21032,20669
misc,p2p-Gnutella06,22773,22773,22773,21978,20720,20071
misc,p2p-Gnutella08,14680,14680,14680,13946,13296,13146
misc,p2p-Gnutella09,18676,18676,18676,17908,17002,16612
misc,p2p-Gnutella24,52804,52804,52804,52728,51119,48588
misc,p2p-Gnutella25,44286,44286,44286,44039,42539,40451
misc,p2p-Gnutella30,69932,69932,69932,69719,68704,65877
misc,p2p-Gnutella31,118317,117048,117048,117747,116225,112843
misc,p6000,10158,10158,10158,10158,10158,10158
misc,para-10,12926,12926,12926,12761,12735,12704
misc,para-4,91159,91156,91155,94564,91245,90972
misc,para-5,12671,12671,12671,12608,12591,12591
misc,para-6,12704,12704,12704,12652,12621,12612
misc,para-7,12683,12683,12683,12615,12593,12591
misc,para-8,12961,12961,12961,12832,12795,12778
misc,para-9,12769,12769,12769,12704,12667,12662
misc,parabolic-fem,538473,537027,537027,538467,536477,536300
misc,patents-main,287270,287258,286550,297418,285736,283313
misc,pcb1000,5984,5984,5984,5771,5771,5771
misc,pcb3000,14328,14328,14328,14191,14097,14097
misc,pcrystk02,24953,24953,24953,24299,23948,23948
misc,pcrystk03,41879,41879,41879,39497,38318,38306
misc,pct20stif,63844,63842,63818,63266,63004,62958
misc,Pd,5530,5530,5530,5525,5525,5525
misc,pdb1HYS,54870,54870,54870,54861,54509,54354
misc,pde2961,3681,3681,3681,3620,3620,3620
misc,pds10,24240,24240,24240,24034,23901,23850
misc,pds-100,702884,702279,702279,702884,702188,701943
misc,pds-30,224768,224756,224756,224767,224544,224335
misc,pds-40,304655,304261,304261,304655,304014,303664
misc,pds-50,382265,381812,381812,382265,381664,381307
misc,pds-60,461476,461017,461017,461476,460898,460645
misc,pds-70,533007,532544,532544,533007,532458,532220
misc,pds-80,593431,592875,592875,593431,592754,592496
misc,pds-90,649510,648945,648945,649510,648823,648519
misc,pesa,12990,12990,12990,12917,12917,12917
misc,petster-carnivore,1249865,1249865,1247758,1249865,1249865,1247541
misc,petster-friendships-cat,371508,371396,371396,371508,371425,337818
misc,petster-friendships-dog,1060558,1060558,1051229,1060558,1060558,1002593
misc,pf2177,22626,22626,22626,22330,22156,22097
misc,pfinan512,78935,78935,78935,78776,78528,78522
misc,pgp2,17552,17552,17552,17544,17544,17544
misc,PGPgiantcompo,12059,12059,12059,11887,11804,11769
misc,photogrammetry,3390,3390,3390,3381,3381,3381
misc,photogrammetry2,8875,8875,8875,8811,8811,8811
misc,pics-ti,652713,650749,650749,653025,652559,630968
misc,pics-ui,599289,599289,599289,599289,598996,596266
misc,pics-ut,137235,137235,137235,137212,137068,136378
misc,piston,3604,3604,3604,3590,3590,3590
misc,pkustk01,28021,28014,28014,27833,27674,27672
misc,pkustk02,16002,16002,16002,15920,15911,15911
misc,pkustk03,72264,72264,72264,71958,71730,71724
misc,pkustk04,72631,68733,68733,72592,68347,68239
misc,pkustk05,49874,49860,49857,48770,48320,48246
misc,pkustk06,56990,56990,56960,55772,55428,55428
misc,pkustk07,31992,31992,31992,31968,31851,31851
misc,pkustk08,40592,40592,40592,40591,40589,40589
misc,pkustk09,41763,41763,41763,41187,41107,41106
misc,pkustk10,94614,94614,94614,94536,93997,93907
misc,plat1919,3105,3105,3105,3042,3042,3042
misc,plbuckle,2434,2434,2434,2370,2370,2370
misc,pli,44004,44002,43980,41617,40675,40647
misc,plsk1919,2409,2409,2409,2380,2380,2380
misc,pltexpa,101247,101247,101247,101199,101107,100970
misc,poisson3Da,20517,20517,20517,20044,20005,20005
misc,poisson3Db,106147,106138,106127,109939,104643,104151
misc,poli3,18106,18106,18106,18003,17915,17892
misc,poli4,35318,35318,35318,35235,35146,35083
misc,poli-large,16046,16046,16046,16007,15976,15969
misc,pores-2,2336,2336,2336,2275,2275,2275
misc,powersim,16205,16205,16205,16185,16180,16180
misc,pre2,363405,363405,363405,363406,362713,362339
misc,Pres-Poisson,21287,21287,21287,20598,20568,20511
misc,primagaz,12831,12831,12831,12831,12831,12831
misc,psmigr-1,24750,24750,24750,24749,24748,24748
misc,psmigr-2,24825,24825,24825,24819,24819,24819
misc,psmigr-3,24790,24790,24790,24783,24779,24779
misc,psse0,38927,38927,38927,38883,38845,38845
misc,psse1,26366,26366,26366,26322,26321,26319
misc,psse2,40879,40879,40879,40778,40682,40680
misc,pwt,40138,40138,40138,39954,39933,39931
misc,qa8fk,87037,87037,87034,90506,84893,84379
misc,qa8fm,87037,87037,87034,90567,84817,84359
misc,qc2534,9180,9180,9180,9063,9023,8988
misc,qpband,20000,20000,20000,20000,20000,20000
misc,r05,20276,20276,20276,20192,20141,20093
misc,radfr1,3107,3107,3107,2977,2949,2947
misc,raefsky1,8780,8780,8780,8762,8762,8762
misc,raefsky2,9005,9005,9005,8898,8898,8898
misc,raefsky3,29579,29579,29579,28399,28370,28367
misc,raefsky4,32066,32066,32066,31009,30679,30679
misc,raefsky5,10377,10377,10377,10137,10137,10137
misc,raefsky6,8211,8211,8211,8210,8210,8210
misc,rail-1357,1792,1792,1792,1769,1769,1769
misc,rail-20209,21897,21897,21897,21861,21855,21855
misc,rail2586,99772,99772,99772,99638,99099,98585
misc,rail507,72777,72777,72777,72698,72527,72454
misc,rail516,57130,57130,57127,57066,57037,57022
misc,rail-5177,6037,6037,6037,5986,5986,5986
misc,rail582,66224,66224,66224,66157,66098,66098
misc,rail-79841,83207,83207,83207,83146,83127,83111
misc,Raj1,268861,268442,268442,268861,268367,268322
misc,rajat01,7362,7362,7362,7347,7347,7347
misc,rajat03,8450,8450,8450,8425,8425,8425
misc,rajat04,1580,1580,1580,1559,1559,1559
misc,rajat06,11930,11930,11930,11908,11908,11908
misc,rajat07,16046,16046,16046,16004,16004,16004
misc,rajat08,20669,20669,20669,20642,20639,20639
misc,rajat09,26011,26011,26011,25988,25987,25987
misc,rajat10,31935,31935,31935,31921,31915,31915
misc,rajat12,2280,2280,2280,2273,2273,2273
misc,rajat13,8023,8023,8023,8013,8013,8013
misc,rajat15,40856,40856,40856,40717,40518,40513
misc,rajat16,100364,100364,100364,100284,100214,100179
misc,rajat17,100364,100364,100364,100310,100212,100189
misc,rajat18,98656,98656,98656,98607,98554,98511
misc,rajat20,92933,92933,92933,92884,92807,92751
misc,rajat21,418114,416740,416740,418114,416679,416630
misc,rajat22,40478,40478,40478,40463,40453,40453
misc,rajat23,111376,111376,111376,111371,111360,111346
misc,rajat24,365088,365071,365071,365087,365052,365023
misc,rajat25,93478,93478,93478,93408,93339,93307
misc,rajat26,51783,51783,51783,51761,51758,51751
misc,rajat27,21323,21323,21323,21301,21290,21271
misc,rajat28,93478,93478,93478,93402,93344,93317
misc,rajat29,491858,491577,491529,495514,483575,482823
misc,rajat30,46295,46261,46261,45815,45742,45742
misc,ramage02,35100,35100,35100,35097,34884,34882
misc,rat,25337,25337,25337,25311,24266,23911
misc,rdb3200l,4230,4230,4230,4198,4198,4198
misc,rdb5000,6298,6298,6298,6225,6225,6225
misc,rdist1,9665,9665,9665,9538,9460,9394
misc,rdist2,7766,7766,7766,7658,7575,7519
misc,rdist3a,6220,6220,6220,6115,6044,6005
misc,reactome,11570,11570,11570,11344,11252,11252
misc,rel7,21558,21558,21558,20948,20825,20825
misc,rel8,338783,338783,334513,338655,334177,330314
misc,relat7,29795,29795,29795,29507,29504,29504
misc,relat7b,29767,29767,29767,29500,29491,29491
misc,relat8,465282,465282,465282,465282,464877,462206
misc,Reuters911,36787,36787,36787,36711,36490,36490
misc,RFdevice,185748,185698,183426,186162,180786,172142
misc,rgg-n-2-15-s0,34556,34556,34556,34372,34330,34330
misc,rgg-n-2-16-s0,68232,68232,68232,68072,67913,67910
misc,rgg-n-2-17-s0,135541,135327,135327,135878,134974,134867
misc,rgg-n-2-18-s0,270087,268857,268857,270087,268524,268082
misc,rim,27216,27216,27216,27122,27094,27094
misc,rlfddd,78449,78449,78449,78235,77890,77514
misc,rlfdual,97105,97105,97105,97035,96942,96753
misc,rlfprim,135545,135545,135545,135455,135352,135168
misc,rma10,53582,53582,53580,52915,52827,52827
misc,roadNet-PA,1092583,1092327,1092327,1092897,1092231,1092180
misc,roadNet-TX,1383487,1383313,1383313,1383692,1383253,1383189
misc,rosen1,3080,3080,3080,3080,3080,3080
misc,rosen10,8737,8737,8737,8736,8735,8735
misc,rosen2,4616,4616,4616,4616,4616,4616
misc,route,71146,71146,71146,71133,71129,71129
misc,rw5151,6287,6287,6287,6225,6225,6225
misc,s1rmq4m1,9076,9076,9076,8925,8911,8911
misc,s1rmt3m1,8439,8439,8439,8237,8237,8237
misc,s2rmq4m1,9186,9186,9186,8969,8969,8969
misc,s2rmt3m1,8432,8432,8432,8145,8145,8145
misc,s3dkq4m2,104428,104428,104425,103061,102725,102707
misc,s3dkt3m2,101987,101986,101984,100955,100889,100889
misc,s3rmq4m1,9000,9000,9000,8923,8919,8919
misc,s3rmt3m1,8248,8248,8248,8183,8183,8183
misc,s3rmt3m3,7982,7982,7982,7789,7789,7789
misc,s4dkt3m2,101987,101986,101984,100961,100895,100895
misc,saylr4,5114,5114,5114,5066,5066,5066
misc,sc205-2r,98258,98258,98258,98172,98141,98119
misc,scagr7-2b,24075,24075,24075,24062,24060,24054
misc,scagr7-2r,79927,79926,79926,79926,79926,79926
misc,scfxm1-2b,53478,53478,53478,53478,53469,53465
misc,scfxm1-2r,106350,106350,106350,106349,106348,106337
misc,scircuit,172896,172896,172896,172850,172747,172715
misc,scrs8-2r,43587,43587,43587,43491,43468,43464
misc,scsd8-2b,43877,43877,43877,43870,43870,43870
misc,scsd8-2c,43877,43877,43877,43868,43868,43868
misc,scsd8-2r,72394,72394,72394,72300,72282,72265
misc,sctap1-2b,51502,51502,51502,51496,51496,51496
misc,sctap1-2c,12312,12312,12312,12081,12055,12055
misc,sctap1-2r,94597,94597,94597,94577,94577,94577
misc,se,40352,40352,40352,40290,40256,40179
misc,seymourl,14811,14811,14811,14659,14530,14343
misc,sgpf5y6,564843,564455,564455,564843,564210,564051
misc,shallow-water1,85368,85368,85368,85254,85246,85246
misc,shallow-water2,85368,85368,85368,85261,85259,85256
misc,shar-te2-b1,20451,20451,20451,20410,20409,20408
misc,shar-te2-b2,305398,301673,301673,305398,301898,300262
misc,shar-te2-b3,491773,491773,477804,491773,491773,476470
misc,sherman2,2743,2743,2743,2706,2706,2706
misc,sherman3,4185,4185,4185,4112,4112,4112
misc,sherman5,3046,3046,3046,3024,3024,3023
misc,shermanACa,5283,5283,5283,5018,4999,4999
misc,shermanACb,22547,22547,22547,22278,22024,21999
misc,shermanACd,8895,8895,8895,8737,8713,8713
misc,ship-001,51922,51922,51922,51919,51841,51795
misc,shipsec5,42898,42888,42888,42324,42249,42246
misc,shock-9,38876,38876,38876,38800,38759,38739
misc,shuttle-eddy,12560,12560,12560,12419,12412,12412
misc,shyy161,80541,80541,80541,80391,80333,80331
misc,shyy41,5679,5679,5679,5643,5643,5643
misc,Si10H16,45574,45574,45574,45702,44873,44241
misc,Si5H12,51805,51579,51579,51643,50369,49713
misc,Sieber,2524,2524,2524,2524,2524,2524
misc,SiH4,13304,13304,13304,12995,12901,12872
misc,SiNa,15266,15266,15266,14953,14736,14720
misc,sinc12,32670,32670,32670,32471,31364,30336
misc,sinc15,51149,51121,51121,51132,49810,47667
misc,sinc18,79151,72547,72547,72720,71989,69410
misc,SiO,83566,83170,83170,83559,83298,82685
misc,sit100,12445,12445,12445,12155,12153,12153
misc,skirt,15075,15075,15075,14876,14873,14787
misc,slashdot-threads,79167,79167,79167,78653,77955,77199
misc,slashdot-zoo,175394,175394,175394,175394,175256,175222
misc,slptsk,15408,15356,15356,13618,12525,12100
misc,sme3Da,19882,19882,19882,19827,19821,19821
misc,sme3Db,41671,41651,41606,42363,40565,40565
misc,smt,43555,43555,43555,43422,43068,43017
misc,soc-Epinions1,131077,131077,131077,131042,130881,130870
misc,soc-sign-epinions,213876,213876,213876,213876,213546,213434
misc,soc-sign-Slashdot081106,173142,173142,173142,173131,172998,172968
misc,soc-sign-Slashdot090216,181834,181834,181834,181827,181410,181406
misc,soc-sign-Slashdot090221,182502,182502,182502,182473,182283,182189
misc,soc-Slashdot0811,173978,173978,173978,173952,173711,173653
misc,soc-Slashdot0902,182867,182867,182867,182848,182562,182537
misc,south31,55481,55481,55481,55429,55414,55412
misc,sparsine,123657,123649,123624,127688,118741,115779
misc,spiral,2516,2516,2516,2445,2435,2435
misc,spmsrtls,30184,30184,30184,30184,30184,30184
misc,srb1,66552,66552,66552,65694,65418,65418
misc,stackexchange-stackoverflow,823394,823394,819705,823304,823304,812539
misc,Stanford,309590,309457,309399,332322,319575,300268
misc,Stanford-Berkeley,39118,39115,39115,39048,38836,38792
misc,stat96v1,204766,204766,204766,204736,204719,204698
misc,stat96v4,67437,67437,67437,67432,67432,67432
misc,stat96v5,79063,79063,79063,79015,79009,79005
misc,std1-Jac2,74898,69492,69492,74898,69030,67280
misc,std1-Jac2-db,22971,22971,22971,22969,22968,22968
misc,std1-Jac3,77428,73303,73303,77411,72807,70921
misc,std1-Jac3-db,22510,22510,22510,22379,22348,22348
misc,stoch-aircraft,11500,11500,11500,11482,11482,11482
misc,stokes128,54912,54912,54912,54752,54354,54292
misc,stokes64,15134,15134,15134,14963,14957,14838
misc,stokes64s,15134,15134,15134,14946,14900,14829
misc,stomach,18338,18338,18338,17991,17919,17897
misc,stormg2-125,242686,242686,242686,243242,242565,242477
misc,stormg2-27,54284,54284,54284,54218,54139,54046
misc,stormg2-8,17394,17394,17394,17151,17070,17036
misc,struct3,60302,60302,60302,59628,59449,59432
misc,struct4,11660,11660,11660,11554,11554,11549
misc,sts4098,6199,6199,6199,6077,6077,6077
misc,stufe-10,25831,25831,25831,25773,25747,25747
misc,subelj-cora,33049,33045,33044,32749,31819,31518
misc,subelj-jdk,10303,10303,10303,9603,9542,9542
misc,subelj-jung-j,9971,9971,9971,9377,9219,9189
misc,swang1,3947,3947,3947,3899,3899,3899
misc,swang2,3947,3947,3947,3903,3903,3903
misc,t0331-4l,60318,60318,60318,60274,59889,59716
misc,t2dah,13864,13864,13864,13699,13689,13681
misc,t2dah-a,13864,13864,13864,13691,13685,13683
misc,t2dah-e,13864,13864,13864,13685,13681,13681
misc,t2dal,5449,5449,5449,5395,5395,5395
misc,t2dal-a,5449,5449,5449,5394,5394,5394
misc,t2dal-bci,5449,5449,5449,5392,5392,5392
misc,t2d-q4,11630,11630,11630,11491,11491,11489
misc,t2d-q9,11630,11630,11630,11492,11492,11491
misc,t3dh,113279,113279,113266,115646,106705,106543
misc,t3dh-a,113279,113279,113266,116308,106692,106570
misc,t3dh-e,113279,113279,113266,119972,106699,106634
misc,t3dl,30694,30690,30690,29743,29576,29568
misc,t3dl-a,30694,30690,30690,29785,29548,29548
misc,t520,8999,8999,8999,8823,8823,8821
misc,t60k,62453,62453,62453,62392,62390,62390
misc,tandem-dual,102625,102625,102625,102516,102249,102140
misc,tandem-vtx,23821,23821,23821,23667,23619,23619
misc,tech-arenas-pgp,12027,12027,12027,11899,11836,11797
misc,tech-as-22july06,26926,26922,26918,26525,26149,25892
misc,tech-as-caida,30505,30503,30500,30239,29889,29676
misc,tech-as-caida20071105,30578,30578,30578,30284,29964,29778
misc,tech-as-skitter,2126202,2126202,1907170,2126145,2116783,1901731
misc,ted-A,14169,14169,14169,14116,14116,14116
misc,ted-AB,14577,14577,14577,14487,14487,14487
misc,ted-AB-unscaled,14577,14577,14577,14489,14489,14489
misc,ted-A-unscaled,14169,14169,14169,14115,14115,14115
misc,ted-B,6810,6810,6810,6804,6804,6804
misc,ted-B-unscaled,6810,6810,6810,6804,6804,6804
misc,testbig,49500,49500,49500,49493,49366,49365
misc,TF14,14977,14977,14977,14470,14282,14166
misc,TF15,35607,35607,35607,35246,34286,33895
misc,TF16,90886,85796,85796,90886,84884,83118
misc,TF17,224909,224909,212237,224909,213494,208948
misc,TF18,554826,554826,524163,554826,554826,522985
misc,thermal,5161,5161,5161,4943,4943,4943
misc,thermal1,86389,86389,86389,86307,86120,86114
misc,thermomech-dM,211752,210224,210224,211735,209950,209815
misc,thermomech-TC,106623,106623,106623,106543,106311,106297
misc,thermomech-TK,106623,106623,106623,106574,106320,106301
misc,thread,53873,53873,53873,53880,53775,53768
misc,tomographic1,122718,122007,122007,123109,121467,121124
misc,torsion1,42793,42793,42793,42625,42587,42542
misc,torso2,121662,121662,121662,122105,120935,120934
misc,trans4,118843,118843,118843,118843,118843,118843
misc,trans5,118843,118843,118843,118843,118843,118843
misc,transient,183740,183740,183740,183736,183697,183693
misc,trdheim,27951,27951,27951,27792,27664,27664
misc,Trec11,6222,6222,6222,6071,6065,6026
misc,Trec12,15262,15262,15262,14931,14832,14741
misc,Trec13,37398,37398,37398,37267,36755,36599
misc,Trec14,98503,92099,92099,98503,91578,89957
misc,Trefethen-2000,5466,5466,5466,5326,5326,5326
misc,Trefethen-20000,44442,44442,44442,44251,43650,43650
misc,Trefethen-20000b,45295,45295,45295,44909,44330,44307
misc,TS,4287,4287,4287,4212,4212,4212
misc,TSC-OPF-1047,22473,22473,22473,22404,22149,22066
misc,TSC-OPF-300,15144,15144,15144,15125,15123,15123
misc,TSOPF-FS-b162-c1,19927,19927,19927,19744,19360,19348
misc,TSOPF-FS-b162-c3,38213,38130,38130,38114,37403,37400
misc,TSOPF-FS-b162-c4,51351,47944,47944,48315,47188,47182
misc,TSOPF-FS-b300,55842,55642,55642,55576,55214,54617
misc,TSOPF-FS-b300-c1,55842,55642,55642,55576,55249,54648
misc,TSOPF-FS-b300-c2,67861,67776,67768,75396,66438,65621
misc,TSOPF-FS-b39-c19,79174,79174,79174,80523,78885,78876
misc,TSOPF-FS-b39-c30,124671,123198,123198,124671,122977,122956
misc,TSOPF-FS-b39-c7,31140,31140,31140,30972,30803,30803
misc,TSOPF-FS-b9-c6,15289,15289,15289,15213,15213,15213
misc,TSOPF-RS-b162-c1,11030,11030,11030,10775,10727,10727
misc,TSOPF-RS-b162-c3,20332,20332,20332,20191,20145,20144
misc,TSOPF-RS-b162-c4,25213,25213,25213,25148,25098,25097
misc,TSOPF-RS-b300-c1,30419,30419,30419,30687,29996,29648
misc,TSOPF-RS-b300-c3,83499,83499,83499,89716,81889,81214
misc,TSOPF-RS-b39-c19,40126,40126,40126,40115,40102,40101
misc,TSOPF-RS-b39-c30,62189,62189,62189,62180,62158,62158
misc,TSOPF-RS-b39-c7,16017,16017,16017,15995,15995,15995
misc,TSOPF-RS-b678-c1,49016,49016,49016,49016,48554,48213
misc,TSOPF-RS-b9-c6,7803,7803,7803,7801,7800,7800
misc,ts-palko,94150,94117,94117,94726,93977,93794
misc,tsyl201,31391,31391,31391,31318,31226,31212
misc,tube1,26435,26435,26435,26003,25951,25936
misc,tube2,26397,26397,26397,25898,25847,25840
misc,tuma1,24612,24612,24612,24598,24592,24591
misc,tuma2,14091,14091,14091,14059,14057,14053
misc,turon-m,200501,200310,200310,200529,199910,199496
misc,twotone,148856,148856,148856,148851,148528,148208
misc,ulevimin,61201,61201,61201,61141,61040,60960
misc,us04,32068,32068,32068,32028,32028,32028
misc,usroads,130472,130472,130472,130443,130425,130409
misc,usroads-48,127437,127437,127437,127425,127412,127390
misc,utm1700b,2962,2962,2962,2906,2906,2906
misc,utm3060,4805,4805,4805,4758,4758,4758
misc,utm5940,8341,8341,8341,8213,8213,8213
misc,vanbody,56126,56112,56106,55411,55163,55127
misc,venkat01,68459,68457,68457,68200,68100,68100
misc,venkat25,68459,68457,68457,68196,68079,68079
misc,venkat50,68459,68457,68457,68196,68096,68096
misc,venturiLevel3,1454944,1454919,1454919,1454948,1454895,1454865
misc,vfem,109602,109596,109596,110223,109143,108468
misc,vibrobox,19030,19030,19030,18959,18957,18957
misc,viscoplastic1,6070,6070,6070,5833,5833,5831
misc,viscoplastic2,37339,37339,37339,36944,36556,36446
misc,viscorocks,43761,43752,43748,43056,43056,43052
misc,wang1,4446,4446,4446,4394,4394,4394
misc,wang2,4471,4471,4471,4416,4416,4416
misc,wang3,32850,32850,32850,32828,32828,32828
misc,wang4,32544,32544,32544,32378,32319,32319
misc,water-tank,79476,79473,79466,82460,77153,77044
misc,wathen100,34320,34319,34318,34018,34008,33992
misc,wathen120,40668,40668,40668,40434,40390,40378
misc,watson-1,590011,590011,590011,590011,590008,590008
misc,watson-2,1031998,1031528,1031527,1032849,1031528,1031527
misc,watt-1,2901,2901,2901,2834,2834,2834
misc,watt-2,2939,2939,2939,2877,2877,2877
misc,wave,183822,182257,182257,183818,181902,181062
misc,waveguide3D,26445,26445,26445,26346,26178,26178
misc,wb-cs-stanford,10653,10653,10653,10516,10452,10451
misc,web-BerkStan,47356,47348,47348,47382,47250,47202
misc,web-NotreDame,340205,337532,337532,342743,337123,336855
misc,web-Stanford,309569,309457,309399,328371,302923,300556
misc,wikiconflict,189440,184005,167679,189440,189310,165375
misc,wikipedia-link-de,770498,696151,696151,770406,770220,691020
misc,wikipedia-link-fr,662922,604145,604145,662914,662605,595739
misc,wikisigned-k2,200106,200095,200066,204809,204595,197815
misc,wiki-Talk,2602078,2601921,2601892,2602107,2601934,2596468
misc,wordnet-words,94360,94342,94300,97166,92718,91056
misc,youtube-groupmemberships,74377,74367,74330,75420,72279,68451
misc,youtube-links,244657,244657,244651,248873,243821,241615
misc,youtube-u-growth,343612,343612,343612,343612,343572,343549
misc,zhishi-baidu-relatedpages,461344,449332,447977,461344,461344,446681
misc,zhishi-zhwiki-internallink,2654296,2654296,2488773,2654296,2654292,2483412
misc_big,aff-amazon-copurchases,527374,527367,520553,559320,559103,519188
misc_big,aff-delicious-url-tag,1228721,1228721,1228721,1228727,1228719,1225019
misc_big,aff-flickr-user-groups,1085385,1085385,1085385,1085385,1085385,1084294
misc_big,aff-wiki-wordbypage,379490,379490,379490,379490,379489,379489
misc_big,af-shell1,370643,357675,357675,370641,357325,357117
misc_big,amazon0312,523360,523341,523325,551150,551150,516743
misc_big,amazon0505,534699,534697,534691,560283,560283,529591
misc_big,amazon0601,528664,528660,528649,558050,558050,522125
misc_big,amazon-2008,976976,925461,921314,976976,976976,919663
misc_big,apache2,745783,745783,745783,745783,745611,745595
misc_big,ASIC-320k,339728,332774,332774,339728,332616,332490
misc_big,ASIC-680ks,689862,688762,688762,689862,688573,688475
misc_big,atmosmodd,390652,390652,390652,390601,390547,390247
misc_big,atmosmodj,390288,390288,390288,390206,390013,389963
misc_big,auto,512273,498502,498502,512273,498459,496878
misc_big,barrier2-1,142055,142041,141972,142254,139951,139894
misc_big,barrier2-10,144939,144712,144700,145133,142872,142747
misc_big,barrier2-11,144939,144712,144700,145864,142902,142686
misc_big,barrier2-12,144939,144712,144700,145550,142894,142745
misc_big,barrier2-2,141850,141850,141850,141833,139938,139825
misc_big,barrier2-3,141685,141685,141685,141687,139961,139898
misc_big,barrier2-4,140997,140997,140997,140955,140004,139824
misc_big,barrier2-9,144939,144712,144700,145461,142924,142659
misc_big,bibd-19-9,100300,100300,100300,100267,100250,100250
misc_big,bibd-20-10,193870,193870,193870,193870,193811,193809
misc_big,bibd-22-8,329977,329977,329977,329977,329959,329959
misc_big,boneS01,148681,148662,148651,153054,146820,146583
misc_big,ch7-9-b5,1295637,1295637,1278573,1295639,1295639,1278487
misc_big,ch8-8-b5,1697384,1697384,1662233,1697384,1697384,1662130
misc_big,cnr-2000,339793,336042,336042,339793,335998,335879
misc_big,consph,120594,120594,120589,120708,112624,111810
misc_big,delaunay-n20,1065236,1062132,1062132,1065236,1062358,1061693
misc_big,ecology1,1017028,1015112,1015112,1017028,1014971,1014597
misc_big,ecology2,1017114,1014843,1014843,1017114,1014644,1014338
misc_big,engine,162215,158251,158245,157932,157721,157541
misc_big,F2,91809,91809,91790,93687,88883,88837
misc_big,fcondp2,232485,229215,229215,233645,228066,227484
misc_big,fullb,231692,231692,231685,235391,227789,227177
misc_big,Ga10As10H30,224186,223937,223937,224186,223681,213633
misc_big,Ga3As3H12,129292,129292,129292,129291,129245,128832
misc_big,gearbox,171663,171586,171586,178765,169054,169029
misc_big,GL7d15,2567186,2567186,2224977,2567186,2567186,2214312
misc_big,GL7d23,1307432,1086207,1086207,1307432,1307432,1059597
misc_big,gupta3,54941,54295,54295,54962,54379,53324
misc_big,halfb,256367,256247,256247,259139,252937,252691
misc_big,IMDB,1612074,1611920,1504175,1612072,1612072,1494337
misc_big,in-2004,315335,315335,311806,315320,314946,308101
misc_big,kron-g500-logn17,381785,381648,381648,381785,381646,381550
misc_big,kron-g500-logn18,524909,524909,524909,524909,524904,524860
misc_big,largebasis,522281,521934,521934,522281,521736,521736
misc_big,matrix-new-3,152586,152586,152586,152572,152452,152440
misc_big,mip1,92046,88075,88075,92046,87526,87370
misc_big,misc-IMDB-bi,1604192,1604191,1507664,1604191,1603768,1496099
misc_big,pattern1,56777,56777,56777,56781,56530,55563
misc_big,pkustk11,107763,107763,107726,111003,105948,105780
misc_big,pkustk12,114679,108531,108531,114694,108177,108177
misc_big,pkustk13,112105,111976,111976,116406,111311,111149
misc_big,pkustk14,194700,190083,190083,199433,188898,188354
misc_big,rail4284,462516,462516,462516,462517,462199,461409
misc_big,rgg-n-2-19-s0,536416,533991,533991,536416,533877,533196
misc_big,rgg-n-2-20-s0,1067028,1067028,1063698,1067028,1067028,1063066
misc_big,ship-003,152056,152056,152024,156858,149594,149000
misc_big,shipsec1,164568,164568,164555,169684,161976,161640
misc_big,shipsec8,137019,137015,136995,141867,134819,134634
misc_big,Si34H36,199911,199082,199075,199911,199766,189566
misc_big,Si87H76,344302,344299,344265,379144,378766,339347
misc_big,SiO2,277409,277409,261407,277409,277351,259992
misc_big,sls,1687075,1687075,1687066,1687092,1687028,1686953
misc_big,stat96v2,989285,989170,989170,989285,989107,989056
misc_big,stat96v3,1150760,1150593,1150593,1150760,1150499,1150482
misc_big,stormG2-1000,1913410,1912069,1912069,1913410,1912043,1911995
misc_big,t2em,936649,935514,935514,936649,935497,935167
misc_big,TF19,1411197,1411197,1337590,1411201,1411201,1337590
misc_big,thermomech-dK,215033,213318,213318,214993,212994,212842
misc_big,tmt-sym,740567,739728,739728,740567,739756,739121
misc_big,tp-6,549011,548674,547826,548875,547508,547121
misc_big,troll,242809,242809,242803,245984,239859,239181
misc_big,TSOPF-RS-b300-c2,51869,42528,42528,51869,41885,41773
misc_big,webbase-1M,1011795,1009610,1009273,1015237,1009370,1008643
misc_big,web-Google,912705,911719,910642,932122,932122,909143
power,power-US-Grid,5302,5302,5302,5269,5260,5260
rec,rec-amazon,92359,92359,92359,92358,92356,92354
rec,rec-amz-Amazon-Instant-Video,488269,488256,488254,490363,485628,484748
rec,rec-amz-Automotive,1341246,1341246,1339397,1341246,1340952,1331548
rec,rec-amz-Baby,729859,729859,729859,729859,729413,722661
rec,rec-amz-Beauty,1767393,1767393,1767393,1767393,1767185,1762492
rec,rec-amz-CDs-and-Vinyl,2706381,2706379,2587909,2706381,2706379,2574083
rec,rec-amz-Cell-Phones-and-Acc,2916862,2916862,2916862,2916862,2916832,2904664
rec,rec-amz-Clothing-Shoes-Jewelry,5192871,5192867,5192867,5192871,5192867,5175857
rec,rec-amz-Digital-Music,823474,816867,814104,823474,823221,810151
rec,rec-amz-Grocery-Gourmet-Food,1124253,1124253,1124253,1124253,1124128,1121381
rec,rec-amz-Health-Personal-Care,2496725,2496725,2496725,2496725,2496671,2494139
rec,rec-amz-Home-and-Kitchen,3502791,3502791,3502791,3502791,3502781,3502751
rec,rec-amz-Movies-and-TV,2859791,2859791,2859791,2859791,2859788,2844061
rec,rec-amz-Musical-Instruments,477340,474798,474711,477340,476812,470502
rec,rec-amz-Office-Products,1156779,1156779,1156779,1156779,1156765,1153718
rec,rec-amz-Patio-Lawn-Garden,927739,927739,927739,927739,927593,921945
rec,rec-amz-Pet-Supplies,1012523,1012523,1012523,1012523,1012445,1004139
rec,rec-amz-Sports-and-Outdoors,2925429,2925429,2917534,2925429,2925427,2896058
rec,rec-amz-Tools-Home-Improve,1741647,1741647,1741647,1741647,1741449,1737930
rec,rec-amz-Toys-and-Games,2006831,2006831,1990697,2006831,2006595,1980587
rec,rec-amz-Video-Games,1039920,1024692,1024130,1039920,1039920,1017522
rec,rec-eachmovie,118110,118110,118110,118110,117657,112455
rec,rec-github,205494,205494,205494,205466,205029,204637
rec,rec-movielens,281066,281065,281065,281066,281064,280874
rec,rec-movielens-tag-movies-10m,36756,36756,36756,36618,35141,34116
rec,rec-movielens-user-movies-10m,19703,19703,19703,19267,19205,19205
rec,rec-yelp-user-business,103035,103035,103035,102975,102562,102343
road,road-belgium-osm,1443157,1443144,1443144,1443157,1443116,1443112
road,road-euroroad,1385,1385,1385,1372,1372,1372
road,road-luxembourg-osm,115013,115013,115013,115009,115007,115006
road,road-minnesota,2935,2935,2935,2925,2925,2925
road,road-roadNet-PA,1091915,1091714,1091714,1091915,1091675,1091604
road,road-usroads,130472,130472,130472,130446,130428,130402
road,road-usroads-48,127437,127437,127437,127421,127411,127390
rt,rt-higgs,508587,508587,508587,508604,508020,502089
rt,rt-retweet-crawl,1605541,1460286,1459706,1605539,1605489,1448537
sc,sc-nasasrb,67093,67093,67087,65556,65170,65137
sc,sc-pkustk11,107763,107763,107726,111003,105984,105780
sc,sc-pkustk13,112105,111976,111976,115868,111282,111195
sc,sc-pwtk,243926,241455,241455,243926,238959,238835
sc,sc-shipsec1,165051,165048,165042,171232,162882,162553
sc,sc-shipsec5,207698,207698,207691,214963,205534,204656
soc,fb-pages-artist,133112,133107,133093,134746,134414,128413
soc,fb-pages-company,22742,22736,22735,22112,21335,21065
soc,fb-pages-government,15613,15607,15604,15439,15234,15200
soc,fb-pages-media,56176,56166,56156,56887,54816,52233
soc,fb-pages-politician,9467,9467,9467,9295,9278,9278
soc,fb-pages-public-figure,21579,21570,21563,21058,20215,19914
soc,fb-pages-sport,25499,25492,25489,24997,23955,23641
soc,fb-pages-tvshow,5494,5494,5494,5200,5177,5170
soc,soc-academia,345111,345105,345095,372387,372174,340742
soc,soc-anybeat,21135,21133,21132,20623,19985,19897
soc,soc-BlogCatalog,224237,224237,224237,224237,224230,224213
soc,soc-brightkite,89826,87797,87797,89699,86573,84117
soc,soc-buzznet,309414,309414,309414,309414,306733,300148
soc,soc-catster,354311,354311,351570,354311,354311,347316
soc,soc-delicious,710972,674621,674621,710904,710012,670966
soc,soc-digg,1231767,1231541,1231405,1231767,1231767,1196215
soc,soc-dogster,1074577,1074577,1051230,1074577,1074577,1003521
soc,soc-douban,228997,226023,226010,236144,225887,222682
soc,soc-epinions,45290,45290,45290,45231,45147,45147
soc,soc-flickr,753083,753083,751912,753083,753049,749543
soc,soc-FourSquare,899067,899031,899031,899067,899002,894578
soc,soc-gemsec-HR,129322,129318,129281,140636,128960,123594
soc,soc-gemsec-HU,99774,99755,99726,106512,96889,92059
soc,soc-gemsec-RO,67964,67559,67559,67098,65674,63345
soc,soc-gowalla,294011,293907,293888,310052,309566,290774
soc,soc-gplus,25195,25195,25195,25073,25001,24957
soc,soc-hamsterster,5042,5042,5042,5012,5012,5012
soc,soc-LiveMocha,382682,382682,382682,382684,382651,382501
soc,soc-loc-brightkite,89532,89512,89471,91470,88437,85739
soc,soc-myspace,1825047,1825047,1727735,1825046,1825046,1718539
soc,soc-sign-bitcoinalpha,7363,7363,7363,6832,6690,6690
soc,soc-sign-bitcoinotc,10595,10595,10595,9992,9716,9643
soc,soc-slashdot,149167,149167,149167,149129,148828,148665
soc,soc-slashdot-trust-all,175240,175240,175240,175028,174826,174792
soc,soc-slashdot-zoo,175007,175007,175007,174941,174753,174662
soc,soc-themarker,210483,210483,210483,210483,210426,210052
soc,soc-twitter-follows,454874,454874,454874,454875,454721,454353
soc,soc-twitter-follows-mun,521387,521387,521387,521386,521186,520823
soc,soc-wiki-conflict,194397,184005,167679,194397,193990,165584
soc,soc-wiki-elec,20605,20605,20605,20578,20569,20569
soc,soc-youtube,760968,760706,734247,760850,760676,729333
soc,soc-youtube-snap,1490613,1490613,1454872,1490610,1490404,1449767
socfb,socfb-American75,32694,32694,32694,32668,32633,32633
socfb,socfb-Amherst41,12796,12796,12796,12770,12770,12770
socfb,socfb-Auburn71,109298,109298,109298,109274,109146,108648
socfb,socfb-Baylor93,76165,76165,76165,76165,76142,76124
socfb,socfb-BC17,59839,59839,59839,59832,59825,59825
socfb,socfb-Berkeley13,119459,119459,119459,119458,119402,119089
socfb,socfb-Bingham82,53551,53551,53551,53527,53299,53054
socfb,socfb-Bowdoin47,12658,12658,12658,12644,12644,12644
socfb,socfb-Brandeis99,20602,20602,20602,20574,20574,20574
socfb,socfb-Brown11,47719,47719,47719,47715,47692,47692
socfb,socfb-BU10,97056,97056,97056,97050,97036,97034
socfb,socfb-Bucknell39,20962,20962,20962,20949,20945,20945
socfb,socfb-Cal65,56534,56534,56534,56534,56369,56369
socfb,socfb-Carnegie49,32508,32508,32508,32492,32488,32488
socfb,socfb-CMU,32675,32675,32675,32661,32568,32566
socfb,socfb-Colgate88,19990,19990,19990,19970,19966,19966
socfb,socfb-Columbia2,57601,57601,57601,57597,57582,57582
socfb,socfb-Dartmouth6,39601,39601,39601,39589,39582,39582
socfb,socfb-Duke14,54147,54147,54147,54143,54099,54023
socfb,socfb-Emory27,39391,39391,39391,39359,39232,39164
socfb,socfb-FSU53,142015,142015,142015,142033,141822,141392
socfb,socfb-Georgetown15,50285,50285,50285,50281,50275,50275
socfb,socfb-GWU54,62116,62116,62116,62117,62068,61957
socfb,socfb-Hamilton46,13669,13669,13669,13652,13652,13652
socfb,socfb-Harvard1,81083,81083,81083,81083,81070,81070
socfb,socfb-Haverford76,9155,9155,9155,9148,9148,9148
socfb,socfb-Howard90,25689,25689,25689,25680,25679,25679
socfb,socfb-Indiana,162582,162582,162582,162581,162522,161995
socfb,socfb-Indiana69,161378,161378,161378,161380,161319,160810
socfb,socfb-JMU79,75350,75350,75350,75343,75258,75024
socfb,socfb-JohnsHopkins55,25682,25682,25682,25673,25673,25673
socfb,socfb-Lehigh96,26740,26740,26740,26732,26726,26726
socfb,socfb-Maine59,43012,43012,43012,42980,42819,42819
socfb,socfb-Maryland58,108019,108019,108019,108004,105444,101963
socfb,socfb-Mich67,16851,16851,16851,16654,16597,16581
socfb,socfb-Michigan23,152910,152910,152910,152910,152616,146889
socfb,socfb-Middlebury45,17254,17254,17254,17240,17240,17240
socfb,socfb-Mississippi66,61110,61110,61110,61110,61039,60942
socfb,socfb-MIT,33328,33328,33328,33316,33301,33301
socfb,socfb-MIT8,33296,33296,33296,33281,33253,33253
socfb,socfb-MSU24,167333,167333,167333,167331,167319,167211
socfb,socfb-MU78,84793,84793,84793,84789,84710,84563
socfb,socfb-nips-ego,2964,2964,2964,2959,2958,2958
socfb,socfb-Northeastern19,65991,65991,65991,65977,65818,65610
socfb,socfb-Northwestern25,57370,57370,57370,57352,57166,56992
socfb,socfb-NotreDame57,68012,68012,68012,68011,67970,67965
socfb,socfb-NYU9,105114,105114,105114,105111,105083,104750
socfb,socfb-Oberlin44,15720,15720,15720,15630,15580,15580
socfb,socfb-Oklahoma97,99974,99974,99974,99973,98701,95620
socfb,socfb-Penn94,188526,188526,188526,188520,188451,187922
socfb,socfb-Pepperdine86,19893,19893,19893,19888,19888,19888
socfb,socfb-Princeton12,36438,36438,36438,36432,36428,36428
socfb,socfb-Rice31,23336,23336,23336,23333,23324,23324
socfb,socfb-Rochester38,22722,22722,22722,22655,22627,22627
socfb,socfb-Rutgers89,118632,118626,118624,119233,115922,111742
socfb,socfb-Santa74,20636,20636,20636,20625,20625,20625
socfb,socfb-Simmons81,7435,7435,7435,7346,7346,7346
socfb,socfb-Smith60,16407,16407,16407,16349,16345,16345
socfb,socfb-Stanford3,61903,61903,61903,61901,61869,61859
socfb,socfb-Swarthmore42,9937,9937,9937,9924,9924,9924
socfb,socfb-Syracuse56,70572,70572,70572,70567,70531,70520
socfb,socfb-Temple83,61077,61077,61077,61070,61056,61056
socfb,socfb-Tennessee95,93418,93418,93418,93413,93208,92858
socfb,socfb-Texas80,164115,164115,164115,164145,161452,156615
socfb,socfb-Texas84,209798,209798,209798,209792,209725,209243
socfb,socfb-Trinity100,15082,15082,15082,15063,15063,15063
socfb,socfb-Tufts18,34994,34994,34994,34991,34953,34953
socfb,socfb-Tulane29,39103,39103,39103,39079,38990,38990
socfb,socfb-UC33,81406,81406,81406,81341,79621,76457
socfb,socfb-UC61,64932,64932,64932,64925,64755,64604
socfb,socfb-UC64,29314,29314,29314,29152,28919,28868
socfb,socfb-UCF52,70520,70520,70520,70517,70374,69952
socfb,socfb-UChicago30,32650,32650,32650,32644,32644,32644
socfb,socfb-UCLA,102265,102265,102265,102227,102034,101705
socfb,socfb-UCLA26,102338,102338,102338,102317,102149,101911
socfb,socfb-UConn,91503,91503,91503,91503,91387,91087
socfb,socfb-UConn91,91222,91222,91222,91213,91131,90826
socfb,socfb-UCSB37,73507,73507,73507,73503,73471,73471
socfb,socfb-UCSC68,40536,40536,40535,40530,38727,36946
socfb,socfb-UCSD34,71659,71659,71659,71659,71507,71265
socfb,socfb-UF,186844,186844,186844,186794,186680,186042
socfb,socfb-UF21,186917,186917,186917,186917,186782,186116
socfb,socfb-UGA50,140398,140398,140398,140348,138295,134949
socfb,socfb-UIllinois,163644,163644,163644,163643,163536,163023
socfb,socfb-UIllinois20,164909,164909,164909,164899,164833,164462
socfb,socfb-UMass92,83621,83621,83621,83597,83399,83058
socfb,socfb-UNC28,101380,101380,101380,101380,101335,100994
socfb,socfb-UPenn7,80602,80602,80602,80565,80416,80309
socfb,socfb-USC35,95572,95572,95572,95572,95548,95540
socfb,socfb-USF51,57813,57813,57813,57760,57381,56996
socfb,socfb-USFCA72,12612,12612,12612,12558,12558,12558
socfb,socfb-UVA16,94352,94352,94352,94339,94240,93977
socfb,socfb-Vanderbilt48,45735,45735,45735,45707,45572,45446
socfb,socfb-Vassar85,17890,17890,17890,17870,17870,17870
socfb,socfb-Vermont70,34674,34674,34674,34629,34427,34319
socfb,socfb-Villanova62,40400,40400,40400,40398,40377,40377
socfb,socfb-Virginia63,106525,106525,106525,106481,106273,105641
socfb,socfb-Wake73,31464,31464,31464,31452,31435,31435
socfb,socfb-WashU32,42436,42436,42436,42435,42424,42424
socfb,socfb-Wellesley22,16003,16003,16003,15999,15999,15999
socfb,socfb-Wesleyan43,20114,20114,20114,20075,19276,18882
socfb,socfb-William77,35921,35921,35921,35904,35883,35883
socfb,socfb-Williams40,15765,15765,15765,15733,15720,15720
socfb,socfb-Wisconsin87,124383,124383,124383,124367,124309,123775
socfb,socfb-wosn-friends,159651,159646,159611,165308,165075,158014
socfb,socfb-Yale4,47829,47829,47829,47829,47819,47819
tech,tech-as-caida2007,30567,30560,30558,30261,29911,29735
tech,tech-internet-as,45922,45921,45912,45620,45196,44845
tech,tech-p2p-gnutella,118234,116797,116797,117944,116674,113413
tech,tech-pgp,12027,12027,12027,11906,11821,11779
tech,tech-RL-caida,220798,220796,220781,234953,220457,219002
tech,tech-routers-rf,3418,3418,3418,3308,3308,3308
tech,tech-WHOIS,12496,12496,12496,12190,12174,12174
web,web-arabic-2005,163794,163794,163794,163790,163790,163784
web,web-baidu-baike-related,461344,449332,447977,461344,461344,446714
web,web-BerkStan,12696,12696,12696,12670,12666,12666
web,web-BerkStan-dir,719289,719289,704190,719289,719289,703205
web,web-edu,3237,3237,3237,3201,3201,3201
web,web-EPA,6346,6346,6346,5987,5910,5902
web,web-frwikinews-user-edits,27599,27599,27599,27502,27439,27436
web,web-google,1581,1581,1581,1546,1546,1546
web,web-google-dir,913015,912069,909938,923402,923402,908555
web,web-indochina-2004,11822,11822,11822,11784,11773,11756
web,web-it-2004,509420,509420,509419,509419,509419,509417
web,web-NotreDame,340034,337229,337229,343648,336850,336688
web,web-sk-2005,121838,121838,121838,121801,121797,121786
web,web-spam,11242,11242,11242,11063,11063,11063
web,web-uk-2005,129719,129695,129695,130065,129695,129695
web,web-webbase-2001,16416,16416,16416,16389,16377,16377
