Family,Instance Name,with-VBGS,,,without-VBGS,,
,,Best vertices (10s),Best vertices (100s),Best vertices (1000s),Best vertices (10s),Best vertices (100s),Best vertices (1000s)
asn,mammalia-voles-bhp-trapping,2302,2302,2302,2361,2361,2361
asn,mammalia-voles-kcs-trapping,1787,1787,1787,1828,1828,1828
asn,mammalia-voles-plj-trapping,1714,1714,1714,1774,1774,1774
asn,mammalia-voles-rob-trapping,1996,1996,1996,2057,2057,2057
big_temp,ca-coauthors-dblp,756091,756091,694895,756091,711565,695903
big_temp,rec-dating,950035,950035,949783,950035,950035,949783
big_temp,rec-epinions,1392154,1392154,1358236,1392154,1392154,1354149
big_temp,rec-libimseti-dir,898263,898251,898231,898262,898262,898233
big_temp,soc-lastfm,1988067,1988067,1791087,1988067,1988067,1791223
big_temp,soc-twitter-higgs,1086181,1086181,1084724,1086180,1086180,1085017
bio,bio-CE-CX,47351,45603,42887,47178,45747,45747
bio,bio-CE-GN,10457,10457,10457,10533,10533,10533
bio,bio-CE-HT,3035,3034,3034,3058,3058,3058
bio,bio-CE-LC,1552,1552,1552,1568,1568,1568
bio,bio-CE-PG,6710,6693,6693,6883,6883,6883
bio,bio-DM-CX,14757,14569,14561,14949,14949,14949
bio,bio-dmela,15223,14694,14542,15865,15865,15865
bio,bio-DM-HT,3627,3611,3610,3685,3685,3685
bio,bio-DR-CX,16326,16315,16315,16425,16425,16425
bio,bio-grid-fission-yeast,4669,4669,4669,4780,4780,4780
bio,bio-grid-fruitfly,15141,14585,14556,15642,15642,15642
bio,bio-grid-human,16289,15593,15366,16669,16669,16669
bio,bio-grid-mouse,1586,1586,1586,1602,1602,1602
bio,bio-grid-plant,2061,2061,2061,2107,2107,2107
bio,bio-grid-worm,4748,4683,4679,5007,5007,5007
bio,bio-grid-yeast,29892,29891,29891,29906,29906,29906
bio,bio-HS-CX,18042,17907,17907,18174,18174,18174
bio,bio-HS-HT,5145,5104,5104,5428,5428,5428
bio,bio-HS-LC,10744,10604,10507,11444,11444,11444
bio,bio-SC-CC,7139,7139,7139,7310,7310,7310
bio,bio-SC-GT,6369,6369,6369,6438,6438,6438
bio,bio-SC-HT,9094,9094,9094,9191,9191,9191
bio,bio-SC-LC,6090,6090,6090,6344,6344,6344
bio,bio-WormNet-v3,74151,74138,74135,74151,74151,74151
bio,bio-WormNet-v3-benchmark,5283,5278,5278,5417,5417,5417
bio,bio-yeast,1757,1757,1757,1807,1807,1807
bio,bio-yeast-protein-inter,2148,2148,2148,2184,2184,2184
ca,ca-aminer,1465990,1465990,1363089,1465990,1465990,1365784
ca,ca-AstroPh,35108,32810,31781,33420,32919,32919
ca,ca-citeseer,264136,255963,254283,264136,255605,254854
ca,ca-cit-HepPh,101991,101760,101008,101977,101773,101311
ca,ca-cit-HepTh,84889,84623,84441,84877,84757,84639
ca,ca-CondMat,29719,29009,28846,31284,31284,31284
ca,ca-GrQc,5292,5289,5279,6485,6485,6485
ca,ca-IMDB,1626320,1626024,1502211,1626320,1626320,1506444
ca,ca-MathSciNet,439364,438955,406754,411050,411048,405150
cit,cit-DBLP,20639,19941,19628,20623,20623,20623
cit,cit-HepPh,100604,100221,99813,100601,100287,100075
cit,cit-HepTh,85396,85394,85391,85396,85390,85389
dimacs10,144,172708,167037,166281,167689,166934,166795
dimacs10,598a,130834,127962,127531,128492,127972,127972
dimacs10,auto,509776,498373,496771,509722,498502,496653
dimacs10,coAuthorsCiteseer,264313,255748,254364,264218,255594,254773
dimacs10,cs4,26347,26242,26215,26442,26442,26442
dimacs10,cti,21447,21447,21447,21519,21519,21519
dimacs10,delaunay-n10,1440,1440,1439,1488,1488,1488
dimacs10,delaunay-n11,2608,2608,2608,2645,2645,2645
dimacs10,delaunay-n12,4880,4880,4880,4931,4931,4931
dimacs10,delaunay-n13,9290,9288,9288,9352,9352,9352
dimacs10,delaunay-n14,17943,17943,17943,18038,18038,18038
dimacs10,delaunay-n15,34984,34950,34950,35084,35084,35084
dimacs10,delaunay-n16,68830,68658,68651,68793,68772,68772
dimacs10,delaunay-n17,135794,135481,135410,135712,135617,135617
dimacs10,delaunay-n18,270469,268670,268298,270469,268610,268610
dimacs10,delaunay-n19,535937,533806,533132,535937,533671,533544
dimacs10,delaunay-n20,1065236,1062358,1061675,1065236,1062147,1061749
dimacs10,fe-4elt2,12484,12484,12478,12545,12545,12545
dimacs10,fe-ocean,159641,159427,159371,159647,159647,159647
dimacs10,fe-rotor,113141,112556,112262,112970,112396,112396
dimacs10,fe-sphere,18428,18426,18426,18524,18524,18524
dimacs10,fe-tooth,89260,88874,88792,89209,88975,88975
dimacs10,inf-belgium-osm,1443157,1443120,1443116,1443157,1443115,1443110
dimacs10,inf-luxembourg-osm,115008,115008,115005,115009,115009,115009
dimacs10,m14b,249510,241364,240250,249503,241302,240921
dimacs10,rgg-n-2-15-s0,34394,34334,34334,34501,34501,34501
dimacs10,rgg-n-2-16-s0,68115,67910,67904,68110,68070,68070
dimacs10,rgg-n-2-17-s0,135326,134971,134867,135332,135146,135146
dimacs10,rgg-n-2-18-s0,270087,268511,268128,270087,268573,268543
dimacs10,rgg-n-2-19-s0,536416,533878,533198,536416,533991,533520
dimacs10,t60k,62399,62399,62383,62404,62404,62404
dimacs10,tech-caidaRouterLevel,236270,221688,220217,222353,220869,220179
dimacs10,wing,69701,69336,69186,69673,69588,69588
dimacs10,wing-nodal,15677,15658,15658,15802,15802,15802
email,email-dnc,2591,2584,2584,2726,2726,2726
email,email-enron-large,50982,49597,48344,50033,49377,49377
email,email-EU,37696,37301,36933,37684,37684,37684
email,email-univ,2667,2667,2667,2788,2788,2788
graph500,graph500-scale18-ef16-adj,497040,497040,497026,497040,497040,497039
graph500,graph500-scale19-ef16-adj,933890,933890,933549,933890,933890,933729
heter,actor,1449327,1449327,1438742,1449222,1449204,1442579
heter,bibsonomy,1306982,1185354,1175885,1306982,1187254,1177306
heter,citeulike-u2p-u2t,994885,994838,987957,994885,991334,985912
heter,dbpedia,549532,548719,546977,549532,547899,547177
heter,digg,588361,588283,587745,588358,588272,587924
heter,epinions,1474266,1474266,1463010,1474266,1474266,1463010
heter,movielens-10m,326082,326062,325829,326081,326069,326056
heter,movielens-10m-noRatings,60274,58934,58144,60435,60347,60347
heter,visualize-us,842440,842440,830683,842431,842430,831781
heter,yahoo-msg,177623,176633,164454,169859,169857,164439
ia,ia-dbpedia-team-bi,450136,444869,417392,449977,420964,416741
ia,ia-email-EU,37785,37287,36839,37674,37674,37674
ia,ia-email-univ,2652,2652,2652,2781,2781,2781
ia,ia-enron-large,50665,49657,48534,50114,49454,49454
ia,ia-escorts-dynamic,22604,21565,21457,23120,23120,23120
ia,ia-fb-messages,3476,3476,3476,3709,3709,3709
ia,ia-frwikinews-user-edits,27497,27497,27437,27523,27523,27523
ia,ia-reality,7218,7201,7190,7261,7261,7261
ia,ia-wikiquote-user-edits,117786,114121,113614,118754,116920,116920
ia,ia-wiki-Talk,154721,154535,154524,154721,154579,154579
ia,ia-wiki-trust-dir,202424,196957,193289,203706,200331,194400
misc,144,172550,167153,166293,167689,166915,166746
misc,162bit,19798,19088,19044,20557,20557,20557
misc,176bit,40994,39296,38550,41296,41296,41296
misc,192bit,72225,70669,67954,72295,72007,72007
misc,208bit,128297,127296,123059,128403,127993,127993
misc,2cubes-sphere,128657,123458,121970,123836,122674,122642
misc,2D-27628-bjtcai,31529,31520,31490,31571,31571,31571
misc,2D-54019-highK,59655,59610,59610,59667,59667,59667
misc,3D-28984-Tetra,39200,39200,39200,39046,39046,39046
misc,3D-51448-3D,65816,65794,65794,65822,65813,65813
misc,3dtube,70228,61210,61194,61659,61205,61205
misc,598a,129794,127947,127524,129277,127917,127917
misc,a0nsdsil,80482,80482,80480,80482,80482,80482
misc,a2nnsnsl,80477,80473,80473,80552,80552,80552
misc,a5esindl,60260,60260,60260,60242,60242,60242
misc,aa01,16864,16736,16722,17152,17152,17152
misc,aa03,16560,16489,16489,16743,16743,16743
misc,aa3,16587,16526,16524,16718,16718,16718
misc,aa4,13707,13639,13634,13960,13960,13960
misc,aa5,16018,15939,15930,16134,16134,16134
misc,aa6,13919,13817,13808,14161,14161,14161
misc,ABACUS-shell-hd,25958,25952,25949,26061,26061,26061
misc,ABACUS-shell-ld,25957,25957,25928,26005,26005,26005
misc,ABACUS-shell-md,25965,25964,25964,26013,26013,26013
misc,ABACUS-shell-ud,26002,25981,25976,26042,26042,26042
misc,abtaha1,20307,20189,20166,20732,20732,20732
misc,abtaha2,48846,48490,48450,48954,48954,48954
misc,actor-collaboration,156401,156192,155719,156344,156222,156059
misc,actor-movie,700152,699807,676229,700150,682956,670893
misc,add20,3086,3086,3086,3140,3140,3140
misc,add32,5116,5116,5116,5140,5140,5140
misc,adder-dcop-01,2408,2406,2402,2449,2449,2449
misc,adder-dcop-02,2411,2411,2411,2450,2450,2450
misc,adder-dcop-03,2395,2395,2395,2461,2461,2461
misc,adder-dcop-04,2363,2363,2363,2420,2420,2420
misc,adder-dcop-05,2384,2384,2384,2425,2425,2425
misc,adder-dcop-06,2374,2374,2374,2460,2460,2460
misc,adder-dcop-07,2387,2387,2387,2460,2460,2460
misc,adder-dcop-08,2393,2393,2393,2465,2465,2465
misc,adder-dcop-09,2381,2381,2381,2451,2451,2451
misc,adder-dcop-10,2401,2401,2401,2463,2463,2463
misc,adder-dcop-11,2400,2400,2400,2430,2430,2430
misc,adder-dcop-12,2404,2404,2404,2459,2459,2459
misc,adder-dcop-13,2377,2377,2377,2437,2437,2437
misc,adder-dcop-14,2395,2395,2395,2461,2461,2461
misc,adder-dcop-15,2393,2393,2393,2457,2457,2457
misc,adder-dcop-16,2402,2402,2402,2471,2471,2471
misc,adder-dcop-17,2403,2403,2403,2492,2492,2492
misc,adder-dcop-18,2392,2392,2392,2491,2491,2491
misc,adder-dcop-19,2402,2402,2402,2459,2459,2459
misc,adder-dcop-20,2398,2398,2398,2498,2498,2498
misc,adder-dcop-21,2406,2401,2401,2433,2433,2433
misc,adder-dcop-22,2402,2402,2402,2449,2449,2449
misc,adder-dcop-23,2412,2412,2412,2470,2470,2470
misc,adder-dcop-24,2411,2411,2411,2446,2446,2446
misc,adder-dcop-25,2391,2389,2389,2464,2464,2464
misc,adder-dcop-26,2402,2402,2402,2460,2460,2460
misc,adder-dcop-27,2399,2399,2399,2462,2462,2462
misc,adder-dcop-28,2397,2397,2394,2495,2495,2495
misc,adder-dcop-29,2405,2404,2404,2449,2449,2449
misc,adder-dcop-30,2406,2406,2406,2491,2491,2491
misc,adder-dcop-31,2413,2413,2413,2445,2445,2445
misc,adder-dcop-32,2402,2400,2400,2444,2444,2444
misc,adder-dcop-33,2390,2387,2387,2414,2414,2414
misc,adder-dcop-34,2399,2398,2398,2495,2495,2495
misc,adder-dcop-35,2396,2396,2395,2460,2460,2460
misc,adder-dcop-36,2404,2404,2404,2452,2452,2452
misc,adder-dcop-37,2408,2408,2408,2440,2440,2440
misc,adder-dcop-38,2391,2391,2391,2494,2494,2494
misc,adder-dcop-39,2400,2400,2400,2461,2461,2461
misc,adder-dcop-40,2407,2407,2407,2437,2437,2437
misc,adder-dcop-41,2396,2396,2396,2474,2474,2474
misc,adder-dcop-42,2398,2398,2398,2440,2440,2440
misc,adder-dcop-43,2407,2407,2407,2491,2491,2491
misc,adder-dcop-44,2401,2401,2401,2463,2463,2463
misc,adder-dcop-45,2402,2401,2401,2454,2454,2454
misc,adder-dcop-46,2403,2403,2403,2471,2471,2471
misc,adder-dcop-47,2390,2390,2390,2491,2491,2491
misc,adder-dcop-48,2397,2397,2397,2432,2432,2432
misc,adder-dcop-49,2407,2407,2407,2489,2489,2489
misc,adder-dcop-50,2390,2390,2390,2493,2493,2493
misc,adder-dcop-51,2396,2396,2396,2421,2421,2421
misc,adder-dcop-52,2380,2378,2378,2426,2426,2426
misc,adder-dcop-53,2402,2402,2402,2466,2466,2466
misc,adder-dcop-54,2396,2396,2396,2448,2448,2448
misc,adder-dcop-55,2391,2391,2391,2487,2487,2487
misc,adder-dcop-56,2406,2406,2406,2446,2446,2446
misc,adder-dcop-57,2405,2405,2405,2437,2437,2437
misc,adder-dcop-58,2409,2409,2409,2455,2455,2455
misc,adder-dcop-59,2416,2416,2416,2455,2455,2455
misc,adder-dcop-60,2401,2401,2399,2468,2468,2468
misc,adder-dcop-61,2406,2406,2406,2496,2496,2496
misc,adder-dcop-62,2410,2410,2407,2493,2493,2493
misc,adder-dcop-63,2390,2390,2390,2434,2434,2434
misc,adder-dcop-64,2406,2405,2405,2440,2440,2440
misc,adder-dcop-65,2404,2404,2404,2471,2471,2471
misc,adder-dcop-66,2403,2403,2403,2447,2447,2447
misc,adder-dcop-67,2399,2399,2399,2460,2460,2460
misc,adder-dcop-68,2428,2428,2428,2488,2488,2488
misc,adder-dcop-69,2411,2411,2411,2454,2454,2454
misc,adder-trans-01,2393,2393,2393,2459,2459,2459
misc,adder-trans-02,2406,2406,2406,2466,2466,2466
misc,advogato,13483,13483,13483,13404,13404,13404
misc,af23560,31071,30870,30845,31177,31177,31177
misc,aff-dbpedia-users2country,591039,591006,590972,591039,591002,591002
misc,aff-delicious-user-tag,230717,230620,230555,230717,230679,230679
misc,aff-github-user2project,205148,204589,204257,205170,204485,204482
misc,af-shell2,68774,68714,68684,68789,68739,68739
misc,af-shell3,130552,130216,130196,130539,130348,130348
misc,af-shell4,130552,130250,130229,130552,130342,130332
misc,af-shell5,130210,129930,129884,130199,129940,129940
misc,af-shell6,130207,129944,129875,130199,129964,129939
misc,af-shell7,136684,129336,129321,129676,129349,129349
misc,af-shell8,129674,129320,129305,129674,129413,129388
misc,aft01,10030,10026,10020,10089,10089,10089
misc,aft02,10059,10053,10041,10170,10170,10170
misc,air02,8535,8527,8522,8553,8553,8553
misc,air03,13928,13928,13928,13928,13928,13928
misc,air04,16896,16767,16763,17119,17119,17119
misc,air05,13735,13664,13661,13952,13952,13952
misc,air06,16544,16482,16477,16747,16747,16747
misc,aircraft,11482,11482,11482,11500,11500,11500
misc,airfoil-2d,17428,17427,17427,17465,17465,17465
misc,Alemdar,7508,7498,7493,7658,7658,7658
misc,amazon0302,329258,329258,309953,329258,315198,310726
misc,Andrews,89397,87388,85602,89006,87211,87211
misc,apache1,90808,90681,90645,90858,90858,90858
misc,appu,124728,124721,124715,124729,124728,124728
misc,arenas-pgp,11912,11835,11797,12001,12001,12001
misc,as-22july06,26572,26207,25985,26697,26697,26697
misc,as-caida,30219,29892,29683,30309,30309,30309
misc,as-caida20071105,30324,29996,29780,30404,30404,30404
misc,ASIC-100k,110956,107162,106895,108062,107357,107357
misc,ASIC-100ks,104228,103922,103801,104187,104051,104051
misc,ASIC-320ks,327934,327302,327276,327453,327310,327310
misc,ASIC-680k,200741,199811,199783,199744,199732,199732
misc,astro-ph,24237,23920,23833,23528,23528,23528
misc,atmosmodl,310231,308892,308692,310080,308870,308840
misc,atmosmodm,345438,344293,344132,345438,344346,344257
misc,aug2d,30340,30317,30312,30374,30374,30374
misc,aug2dc,31564,31536,31529,31584,31584,31584
misc,aug3d,27076,26908,26857,27201,27201,27201
misc,aug3dcqp,39030,38855,38741,39117,39117,39117
misc,av41092,121480,110232,108773,112181,110204,109176
misc,barth,7651,7645,7637,7694,7694,7694
misc,barth4,6918,6918,6918,6956,6956,6956
misc,barth5,17023,17021,17021,17090,17090,17090
misc,bas1lp,28027,27769,27733,28068,28068,28068
misc,Baumann,126164,126021,125981,126150,126101,126101
misc,bauru5727,39494,39487,39484,39521,39521,39521
misc,baxter,61824,61784,61729,61838,61838,61838
misc,bayer01,87290,86600,85934,87364,86829,86829
misc,bayer02,25673,25246,25131,25836,25836,25836
misc,bayer03,14717,14572,14537,14967,14967,14967
misc,bayer04,37567,36936,36598,37563,37563,37563
misc,bayer05,7757,7638,7578,7947,7947,7947
misc,bayer06,7423,7349,7331,7623,7623,7623
misc,bayer07,7749,7688,7629,7954,7954,7954
misc,bayer08,7422,7349,7325,7618,7618,7618
misc,bayer09,6981,6891,6860,7229,7229,7229
misc,bayer10,25610,24977,24844,25730,25730,25730
misc,bbmat,58520,58157,57907,58411,58285,58285
misc,bcircuit,69887,69883,69876,69910,69910,69910
misc,bcspwr10,5764,5763,5763,5798,5798,5798
misc,bcsstk10,1945,1945,1945,1992,1992,1992
misc,bcsstk11,2643,2643,2643,2653,2653,2653
misc,bcsstk12,2620,2620,2620,2704,2704,2704
misc,bcsstk13,4890,4890,4890,4896,4896,4896
misc,bcsstk14,3463,3463,3463,3501,3501,3501
misc,bcsstk15,6896,6896,6896,7093,7093,7093
misc,bcsstk16,9509,9509,9509,9545,9545,9545
misc,bcsstk17,14638,14623,14623,14744,14744,14744
misc,bcsstk18,14492,14471,14464,14652,14652,14652
misc,bcsstk21,4895,4895,4895,4918,4918,4918
misc,bcsstk23,5894,5894,5894,5934,5934,5934
misc,bcsstk24,6032,6032,6032,6052,6052,6052
misc,bcsstk25,20541,20502,20502,20721,20721,20721
misc,bcsstk26,2924,2923,2923,2930,2930,2930
misc,bcsstk27,2763,2763,2763,2873,2873,2873
misc,bcsstk28,7295,7295,7295,7323,7323,7323
misc,bcsstk29,19153,19120,19120,19164,19164,19164
misc,bcsstk30,37456,37387,37387,38495,37949,37949
misc,bcsstk31,43462,43343,43343,43488,43332,43332
misc,bcsstk32,52922,52392,52376,52922,52447,52447
misc,bcsstk33,16516,16511,16511,16569,16569,16569
misc,bcsstk35,36535,36469,36452,36590,36517,36517
misc,bcsstk36,29287,29287,29287,29264,29260,29260
misc,bcsstk37,31973,31924,31920,32008,31990,31990
misc,bcsstk38,12210,12210,12210,12215,12215,12215
misc,bcsstk39,55765,55453,55393,55695,55489,55489
misc,bcsstm10,1972,1972,1972,1994,1994,1994
misc,bcsstm12,2275,2252,2252,2298,2298,2298
misc,bcsstm27,2839,2839,2839,2889,2889,2889
misc,bcsstm35,1408,1408,1408,1408,1408,1408
misc,bcsstm36,15675,15675,15675,15700,15700,15700
misc,bcsstm38,2004,2004,2004,2007,2007,2007
misc,belgium-osm,1443157,1443117,1443109,1443157,1443124,1443115
misc,benzene,19798,19567,19550,19931,19931,19931
misc,bfly,60445,58365,58365,60848,59628,59628
misc,bibd-13-6,4690,4680,4663,4725,4725,4725
misc,bibd-14-7,7328,7328,7328,7335,7335,7335
misc,bibd-15-7,10867,10867,10859,10883,10883,10883
misc,bibd-16-8,18218,18218,18218,18237,18237,18237
misc,bibd-17-8,30356,30354,30354,30374,30374,30374
misc,bibd-18-9,55696,55695,55693,55698,55698,55698
misc,bibd-49-3,27458,27434,27433,27495,27495,27495
misc,bibd-81-3,110761,110732,110676,110768,110768,110768
misc,bibsonomy-2ti,1104402,1104402,1021404,1104402,1031854,1024170
misc,bibsonomy-2ui,770399,770360,770332,770399,770379,770379
misc,bibsonomy-2ut,240643,238295,236715,239557,237508,236584
misc,big,14669,14669,14669,14747,14747,14747
misc,big-dual,31687,31677,31677,31706,31706,31706
misc,biplane-9,23242,23230,23230,23310,23310,23310
misc,bips07-1693,13242,13237,13237,13256,13256,13256
misc,bips07-1998,14833,14830,14828,14875,14875,14875
misc,bips07-2476,16656,16648,16648,16656,16656,16656
misc,bips07-3078,20827,20823,20819,20839,20839,20839
misc,bips98-1142,9770,9766,9758,9793,9793,9793
misc,bips98-1450,11266,11256,11255,11291,11291,11291
misc,bips98-606,7096,7096,7096,7119,7119,7119
misc,blockqp1,60705,60705,60705,60705,60705,60705
misc,bloweya,30178,30178,30178,30178,30178,30178
misc,bloweybl,30191,30191,30191,30191,30191,30191
misc,bloweybq,10175,10175,10175,10175,10175,10175
misc,bodyy4,19375,19375,19375,19454,19454,19454
misc,bodyy5,20495,20494,20491,20576,20576,20576
misc,bodyy6,21334,21324,21323,21414,21414,21414
misc,bookcrossing-full-rating,535494,535317,533932,535494,535391,533930
misc,bookcrossing-rating,288205,287596,286410,288232,287054,286797
misc,boyd1,93717,93717,93717,93722,93722,93722
misc,boyd2,466481,466481,466481,466481,466481,466481
misc,brack2,70875,70568,70546,70836,70658,70658
misc,brainpc2,27984,27984,27984,27984,27984,27984
misc,bratu3d,35802,35720,35713,35884,35884,35884
misc,bundle1,15702,15663,15645,15763,15756,15756
misc,c-18,2977,2977,2977,3015,3015,3015
misc,c-19,3491,3491,3491,3523,3523,3523
misc,c-20,3813,3791,3784,3886,3886,3886
misc,c-21,4545,4488,4444,4644,4644,4644
misc,c-22,4953,4913,4879,5030,5030,5030
misc,c-23,4853,4840,4838,4892,4892,4892
misc,c-24,5539,5478,5474,5676,5676,5676
misc,c-25,5832,5832,5832,5986,5986,5986
misc,c-26,5496,5458,5450,5603,5603,5603
misc,c-27,5427,5414,5409,5523,5523,5523
misc,c-28,5478,5437,5437,5616,5616,5616
misc,c-29,6493,6441,6403,6604,6604,6604
misc,c-30,6466,6442,6439,6549,6549,6549
misc,c-31,7764,7712,7703,7859,7859,7859
misc,c-32,6922,6922,6922,6928,6928,6928
misc,c-33,8488,8483,8483,8732,8732,8732
misc,c-34,8476,8476,8476,8502,8502,8502
misc,c-35,8032,8000,7996,8141,8141,8141
misc,c-36,9742,9635,9560,9862,9862,9862
misc,c-37,10529,10413,10413,10549,10549,10549
misc,c-38,9885,9858,9856,9920,9920,9920
misc,c-39,13019,12967,12880,13121,13121,13121
misc,c-40,12447,12306,12147,12551,12551,12551
misc,c-41,11679,11633,11632,11730,11730,11730
misc,c-42,12704,12605,12590,12828,12828,12828
misc,c-43,13445,13399,13310,13478,13478,13478
misc,c-44,13046,12995,12993,13099,13099,13099
misc,c-45,14771,14759,14759,14780,14780,14780
misc,c-46,18424,18173,17926,18553,18553,18553
misc,c-47,20768,20620,20554,20887,20887,20887
misc,c-48,21873,21561,21335,21547,21547,21547
misc,c-49,23624,23528,23462,23677,23677,23677
misc,c-50,25437,25360,25209,25484,25484,25484
misc,c-51,27405,27200,27108,27322,27322,27322
misc,c-52,26625,26535,26465,26654,26654,26654
misc,c-53,34288,34230,34159,34321,34321,34321
misc,c-54,35752,35702,35687,35761,35761,35761
misc,c-55,42448,41758,41534,42078,41842,41842
misc,c-56,41773,41530,41283,41712,41712,41712
misc,c-57,42203,42137,42090,42217,42217,42217
misc,c-58,46148,46031,46028,46162,46076,46076
misc,c-59,51643,50544,50212,51132,50744,50744
misc,c-60,48265,48169,48087,48269,48269,48269
misc,c-61,47772,47656,47594,47741,47741,47741
misc,c-62,57458,53294,52901,53563,52989,52989
misc,c-62ghs,57558,53190,52891,53766,53024,53024
misc,c-63,51456,51185,51059,51443,51221,51221
misc,c-64,57536,57482,57475,57534,57534,57534
misc,c-64b,57524,57498,57449,57533,57528,57528
misc,c-65,52022,51868,51753,51981,51981,51981
misc,c-66,55348,55250,55064,55309,55089,55089
misc,c-66b,55354,55225,55068,55246,55066,55066
misc,c-67,61498,61363,61170,61509,61509,61509
misc,c-67b,61513,61422,61186,61480,61480,61480
misc,c-68,80091,75732,75352,77514,75651,75651
misc,c-69,78103,75797,75565,76781,75639,75639
misc,c-70,78808,77726,77507,79023,77869,77869
misc,c-71,101194,92197,91899,94506,92203,92203
misc,c-72,93350,92805,92702,93814,92750,92750
misc,c-73,181209,181158,181117,181202,181174,181174
misc,c-73b,181363,181113,181112,181201,181164,181164
misc,ca-actor-collaboration,156013,155946,155452,156014,155891,155587
misc,ca-AstroPh,34369,32953,32355,34440,33957,33957
misc,ca-cit-HepPh,101562,101476,101041,101577,101531,101531
misc,ca-cit-HepTh,83676,83609,83504,83689,83673,83654
misc,ca-CondMat,31334,30739,30549,31284,31284,31284
misc,cage10,18733,18733,18733,18812,18812,18812
misc,cage11,57874,57574,57529,58012,57858,57858
misc,cage12,189796,189380,188271,189724,189104,188872
misc,cage13,266593,263919,246685,260817,260134,246595
misc,cage9,6042,6042,6042,6116,6116,6116
misc,CAG-mat1916,9442,9442,9442,9439,9439,9439
misc,ca-GrQc,6359,6356,6355,6485,6485,6485
misc,ca-HepPh,19351,19043,19007,19538,19538,19538
misc,ca-HepTh,12902,12809,12746,13212,13212,13212
misc,caidaRouterLevel,236311,221852,220203,222353,220848,220194
misc,cant,80743,80321,80321,80743,80231,80231
misc,ca-opsahl-collaboration,35607,34775,34325,35905,35905,35905
misc,car4,51926,51874,51773,51962,51962,51962
misc,cari,7408,7353,7305,7406,7406,7406
misc,case39,42985,42793,42793,42983,42917,42917
misc,case9,15213,15213,15213,15227,15227,15227
misc,cat-ears-3-4,24620,24521,24424,24706,24706,24706
misc,cat-ears-4-4,79728,79322,78812,79749,79687,79687
misc,cavity05,2236,2236,2236,2243,2243,2243
misc,cavity06,2242,2242,2242,2244,2244,2244
misc,cavity07,2234,2234,2234,2244,2244,2244
misc,cavity08,2238,2238,2238,2244,2244,2244
misc,cavity09,2240,2240,2240,2240,2240,2240
misc,cavity10,4062,4062,4060,4097,4097,4097
misc,cavity11,4058,4058,4058,4062,4062,4062
misc,cavity12,4072,4072,4072,4098,4098,4098
misc,cavity13,4066,4066,4066,4056,4056,4056
misc,cavity14,4066,4066,4066,4071,4071,4071
misc,cavity16,6411,6411,6411,6414,6414,6414
misc,cavity17,6406,6406,6406,6414,6414,6414
misc,cavity18,6406,6406,6406,6414,6414,6414
misc,cavity19,6406,6406,6406,6414,6414,6414
misc,cavity20,6406,6406,6406,6414,6414,6414
misc,cavity21,6408,6408,6408,6414,6414,6414
misc,cavity22,6413,6413,6413,6414,6414,6414
misc,cavity23,6410,6410,6410,6418,6418,6418
misc,cavity24,6406,6406,6406,6414,6414,6414
misc,cavity25,6409,6409,6409,6414,6414,6414
misc,cavity26,6413,6413,6413,6414,6414,6414
misc,c-big,389301,374087,372906,377063,375172,372917
misc,cbuckle,18487,18487,18486,18513,18513,18513
misc,cca,53996,53864,53756,54018,54018,54018
misc,ccc,59073,59037,58937,59134,59134,59134
misc,cegb2802,5995,5995,5995,6052,6052,6052
misc,cegb2919,6774,6774,6774,6877,6877,6877
misc,cegb3024,4486,4486,4486,4633,4633,4633
misc,cegb3306,4448,4448,4448,4531,4531,4531
misc,cell1,8102,8102,8102,8147,8147,8147
misc,cell2,8095,8095,8095,8129,8129,8129
misc,cfd1,97031,89865,89317,92161,90146,90058
misc,cfd2,158565,145617,144430,148445,145397,144964
misc,cfinder-google,23641,23381,23299,23490,23490,23490
misc,ch,14113,14054,14039,14179,14179,14179
misc,ch6-6-b3,14483,14307,14234,14640,14640,14640
misc,ch6-6-b4,14950,14839,14788,15145,15145,15145
misc,ch7-6-b3,32144,31721,31480,32243,32243,32243
misc,ch7-6-b4,47048,46598,46197,47193,47193,47193
misc,ch7-6-b5,26059,25881,25666,26128,26128,26128
misc,ch7-7-b2,13862,13676,13515,14042,14042,14042
misc,ch7-7-b5,131521,129664,128398,131111,129987,129987
misc,ch7-8-b2,20381,20194,20036,20539,20539,20539
misc,ch7-8-b3,132649,131750,130538,132649,132019,132019
misc,ch7-8-b4,377838,377838,371294,377838,376096,371672
misc,ch7-8-b5,425124,425124,404661,425124,414072,405092
misc,ch7-9-b2,28832,28631,28514,28984,28984,28984
misc,ch7-9-b3,222402,217825,215997,222402,218123,217448
misc,ch7-9-b4,807812,807812,797492,807812,803691,797768
misc,ch8-8-b2,30342,30215,30085,30448,30448,30448
misc,ch8-8-b3,243710,239732,237192,243710,239761,238384
misc,ch8-8-b4,943897,943897,933467,943897,939095,933950
misc,Chebyshev2,2401,2401,2401,2401,2401,2401
misc,Chebyshev3,4449,4449,4449,4449,4449,4449
misc,Chem97Zt,33580,33579,33579,33580,33580,33580
misc,chem-master1,43049,42967,42903,43106,43106,43106
misc,chipcool0,26815,26740,26740,26939,26939,26939
misc,chipcool1,26818,26709,26705,26913,26913,26913
misc,circuit-1,3935,3935,3935,3972,3972,3972
misc,circuit-2,5277,5275,5275,5387,5387,5387
misc,circuit-3,12544,12533,12533,12561,12561,12561
misc,circuit-4,70686,70659,70659,70696,70696,70696
misc,cis-n4c6-b13,40948,40139,40003,41012,40936,40936
misc,cis-n4c6-b3,14492,14378,14247,14624,14624,14624
misc,cis-n4c6-b4,51849,51541,51258,51942,51942,51942
misc,citationCiteseer,386861,385051,351806,356127,356127,350299
misc,citeseer,558409,558031,504381,558486,509639,502372
misc,citeulike-ti,1058309,1058309,982537,1058289,982937,976523
misc,citeulike-ui,758371,758012,757111,758371,758296,758296
misc,citeulike-ut,229127,228945,228623,229127,229127,229127
misc,cit-HepPh,75590,69648,67261,70154,68059,68059
misc,cit-HepTh,62220,58984,56840,62220,58984,56840
misc,cit-HepTh2007,63211,59218,56943,60429,58320,58320
misc,ckt11752-dc-1,51379,51312,51303,51427,51427,51427
misc,ckt11752-tr-0,51397,51338,51323,51421,51421,51421
misc,CO,186334,171276,169576,173498,171686,171056
misc,co5,21192,21121,21082,21224,21224,21224
misc,co9,38120,38077,38002,38164,38164,38164
misc,coater1,2883,2883,2883,2928,2928,2928
misc,coater2,13283,13283,13283,13328,13328,13328
misc,coAuthorsCiteseer,264162,255923,254365,264218,255594,254773
misc,coAuthorsDBLP,382059,381325,361216,382067,365590,360246
misc,com-amazon,385047,375138,371605,385047,376470,371942
misc,com-dblp,407702,404499,386090,407680,389779,384167
misc,commanche-dual,8670,8665,8665,8684,8684,8684
misc,complex,7577,7422,7324,7723,7723,7723
misc,comsol,4238,4238,4238,4268,4268,4268
misc,cond-mat,19014,18906,18881,19187,19187,19187
misc,cond-mat-2003,39623,38791,38571,39426,39410,39410
misc,cond-mat-2005,54559,53162,52358,53892,53569,53569
misc,conf5-0-4x4-10,9749,9321,9321,10248,10248,10248
misc,conf5-0-4x4-14,9793,9245,9192,10353,10353,10353
misc,conf5-0-4x4-18,9481,9121,9121,10365,10365,10365
misc,conf5-0-4x4-22,9818,9238,9189,10257,10257,10257
misc,conf5-0-4x4-26,10102,9911,9911,10520,10520,10520
misc,conf5-4-8x8-05,103672,103573,103573,103672,103567,103567
misc,conf5-4-8x8-10,105032,105017,105017,105032,105031,105031
misc,conf5-4-8x8-15,104243,104130,104130,104250,104204,104204
misc,conf5-4-8x8-20,104674,104630,104630,104674,104674,104674
misc,conf6-0-4x4-20,10041,9358,9358,10407,10407,10407
misc,conf6-0-4x4-30,9768,9544,9544,10365,10365,10365
misc,conf6-0-8x8-20,103862,103862,103862,103862,103862,103862
misc,conf6-0-8x8-30,104141,104053,104053,104114,104096,104096
misc,conf6-0-8x8-80,105017,104909,104909,105046,105042,105042
misc,connectus,399111,399108,399108,399111,399111,399110
misc,cont11-l,419042,419042,419042,419042,419042,419042
misc,cont1-l,1426828,1426221,1426206,1426828,1426214,1426210
misc,cont-201,85586,85549,85537,85601,85601,85601
misc,cont-300,188638,188319,188303,188485,188413,188413
misc,cop20k-A,121346,114041,113759,117589,114371,114354
misc,coPapersCiteseer,169822,169822,169822,169822,169822,169822
misc,coPapersDBLP,37782,37782,37782,37782,37782,37782
misc,copter1,22634,22576,22572,22750,22750,22750
misc,copter2,67343,66679,66599,66979,66650,66650
misc,cora-agm-fcl-aid,22602,21491,21162,23261,23261,23261
misc,cora-subelj,32638,31816,31511,32557,32557,32557
misc,coupled,13707,13707,13707,13634,13634,13634
misc,cq5,19727,19688,19653,19773,19773,19773
misc,cq9,35161,35081,34946,35221,35221,35221
misc,crack,11462,11462,11462,11523,11523,11523
misc,crack-dual,21331,21331,21331,21334,21334,21334
misc,crankseg-1,47351,47174,47010,47351,47349,47349
misc,crashbasis,176217,173719,173556,176208,173692,173692
misc,crew1,9127,9125,9122,9241,9241,9241
misc,crplat2,24066,23998,23998,24657,24434,24434
misc,cryg10000,11284,11284,11284,11304,11304,11304
misc,cryg2500,3100,3100,3100,3141,3141,3141
misc,crystk01,10143,10143,10143,10182,10182,10182
misc,crystk02,24617,24483,24483,24671,24577,24577
misc,crystk03,39495,38852,38851,39494,39053,39053
misc,crystm01,7506,7506,7506,7625,7625,7625
misc,crystm02,19136,19136,19136,19433,19433,19433
misc,crystm03,31941,31760,31745,32570,32234,32234
misc,cs4,26346,26268,26233,26451,26451,26451
misc,ct20stif,63334,62946,62939,63291,63057,63057
misc,cti,21594,21548,21548,21658,21658,21658
misc,cvxbqp1,54162,54073,54062,54236,54236,54236
misc,cvxqp3,24451,23787,23666,24742,24742,24742
misc,cyl6,18463,18463,18463,18460,18460,18460
misc,D6-6,70003,70002,70002,70084,70084,70084
misc,dano3mip,29508,29407,29291,29562,29562,29562
misc,darcy003,398896,394286,394182,398896,394317,394317
misc,dawson5,56300,56129,56129,56315,56201,56201
misc,dbic1,290986,290239,290183,290988,290307,290307
misc,dbir1,92864,86255,82057,92861,86172,85871
misc,dbir2,92809,87348,85495,92844,87569,86575
misc,dblp-2010,350541,340951,338317,345566,340608,339121
misc,dblp-author,6210394,6210388,5897617,6210394,6210388,5897617
misc,dblp-cite,20648,19915,19585,20527,20527,20527
misc,dbpedia-country,591032,591003,590989,591039,591006,591006
misc,dbpedia-genre,268859,268739,268668,268859,268708,268708
misc,dbpedia-location,197876,197536,197369,197915,197514,197466
misc,dbpedia-occupation,143787,143666,143654,143882,143667,143667
misc,dbpedia-producer,172970,170037,168652,171906,169954,169954
misc,dbpedia-recordlabel,183072,182209,182066,183104,182223,182223
misc,dbpedia-starring,198050,196354,190667,198251,193086,192127
misc,dbpedia-team,988949,988763,956835,988949,959490,956606
misc,dbpedia-writer,120200,119521,117990,120200,119739,119739
misc,dc1,118843,118843,118843,118843,118843,118843
misc,dc2,118843,118843,118843,118843,118843,118843
misc,dc3,118843,118843,118843,118843,118843,118843
misc,debr,1229056,1229056,1209520,1229056,1229056,1210685
misc,degme,234051,228869,228694,234051,228883,228883
misc,delaunay-n13,9290,9286,9286,9355,9355,9355
misc,delaunay-n14,17946,17941,17941,18040,18040,18040
misc,delaunay-n15,34979,34945,34939,35078,35078,35078
misc,delaunay-n16,68786,68626,68626,68793,68772,68772
misc,delaunay-n17,135757,135469,135426,135712,135617,135617
misc,delaunay-n18,270469,268610,268306,270469,268619,268619
misc,delaunay-n19,535937,533795,533140,535937,533671,533544
misc,delf,9819,9801,9790,9909,9909,9909
misc,delicious-ut,347806,347742,347511,347804,347799,347562
misc,deltaX,107571,106374,104870,107488,107224,107224
misc,denormal,97351,96984,96954,97223,97008,97008
misc,descriptor-xingo6u,20411,20409,20406,20444,20444,20444
misc,deter0,8060,8060,8060,8090,8090,8090
misc,deter1,22286,22268,22268,22314,22314,22314
misc,deter2,24729,24728,24728,24805,24805,24805
misc,deter3,30642,30640,30640,30679,30679,30679
misc,deter4,13456,13456,13456,13479,13479,13479
misc,deter5,20624,20624,20624,20664,20664,20664
misc,deter6,17272,17264,17264,17311,17311,17311
misc,deter7,25415,25415,25415,25422,25422,25422
misc,deter8,15612,15608,15608,15649,15649,15649
misc,df2177,13821,13664,13664,13949,13949,13949
misc,dictionary28,47097,46547,46295,47084,47084,47084
misc,discogs-lgenre,271116,271116,271116,271116,271116,271116
misc,discogs-lstyle,252632,252632,252630,252632,252632,252630
misc,dixmaanl,60191,60191,60191,60191,60191,60191
misc,d-pretok,194503,193857,193278,194484,194251,194251
misc,dtoc,25119,25119,25119,25119,25119,25119
misc,Dubcova1,18425,18425,18424,18536,18536,18536
misc,Dubcova2,69775,69705,69704,69815,69815,69815
misc,Dubcova3,153964,153714,153714,155740,154278,154278
misc,dw1024,2636,2636,2636,2680,2680,2680
misc,dw2048,2652,2652,2652,2689,2689,2689
misc,dw4096,9590,9589,9588,9664,9664,9664
misc,dw8192,9583,9583,9583,9647,9647,9647
misc,e18,77329,76509,75625,77131,76818,76818
misc,e40r0100,23121,23112,23112,23593,23593,23593
misc,eat,82350,82313,82313,82359,82354,82354
misc,EAT-RS,82594,82546,82522,82606,82599,82599
misc,EAT-SR,82539,82485,82485,82552,82552,82552
misc,ecl32,55132,55037,55032,55149,55149,55149
misc,edit-dewiki,37147,36724,36518,37360,37141,37141
misc,edit-dewiktionary,153335,153301,153189,153283,153196,153196
misc,edit-enwikibooks,18994,18584,18566,19384,19384,19384
misc,edit-enwikinews,176106,175194,174973,175908,175264,175166
misc,edit-enwikiquote,116387,113726,113202,118754,116998,116998
misc,edit-eswiki,41896,41814,41729,41939,41939,41939
misc,edit-frwiki,285157,285055,284841,285157,285061,284901
misc,edit-frwikibooks,33252,33063,33062,33210,33206,33206
misc,edit-frwikinews,27474,27448,27448,27489,27489,27489
misc,elec,20555,20548,20548,20565,20565,20565
misc,email-Enron,53581,52543,51372,52911,52377,52377
misc,email-EuAll,282322,281957,281880,282350,282116,282116
misc,enron,89090,87997,86740,89784,87511,87511
misc,epb0,2110,2110,2110,2190,2190,2190
misc,epb1,16547,16546,16546,16642,16642,16642
misc,epb2,28503,28503,28503,28543,28543,28543
misc,epb3,88381,88354,88337,88387,88387,88387
misc,epinions,214365,214256,214184,214365,214329,214327
misc,epinions-rating,273099,271193,268293,273098,271639,268275
misc,escorts,22717,22160,22160,22595,22595,22595
misc,EternityII-A,181175,180986,180861,181182,181116,181116
misc,EternityII-E,316034,315916,304258,313540,313472,305331
misc,EternityII-Etilde,250653,250583,250322,250653,250635,250635
misc,eurqsa,9555,9533,9512,10015,10015,10015
misc,ex10,3579,3579,3579,3650,3650,3650
misc,ex10hs,3761,3761,3761,3792,3792,3792
misc,ex11,27248,27104,27104,28090,27730,27730
misc,ex12,5438,5438,5438,5660,5660,5660
misc,ex13,4103,4103,4103,4156,4156,4156
misc,ex14,4857,4857,4857,4875,4875,4875
misc,ex15,8538,8538,8538,8544,8544,8544
misc,ex18,7124,7124,7124,7179,7179,7179
misc,ex19,13703,13703,13703,13709,13709,13709
misc,ex20,3627,3626,3626,3639,3639,3639
misc,ex23,2540,2540,2540,2614,2614,2614
misc,ex24,3465,3465,3465,3500,3500,3500
misc,ex26,4120,4120,4120,4176,4176,4176
misc,ex28,3869,3869,3869,3914,3914,3914
misc,ex29,3581,3581,3581,3636,3636,3636
misc,ex3,3099,3099,3099,3137,3137,3137
misc,ex31,5598,5598,5596,5609,5609,5609
misc,ex33,2535,2535,2535,2646,2646,2646
misc,ex35,21528,21527,21527,21585,21585,21585
misc,ex36,4303,4303,4303,4317,4317,4317
misc,ex37,3671,3671,3646,3680,3680,3680
misc,ex3sta1,41361,41361,41354,41364,41364,41364
misc,EX4,10665,10636,10636,10915,10915,10915
misc,ex40,14703,14703,14702,14759,14756,14756
misc,EX5,23580,23432,23432,23914,23914,23914
misc,EX6,23647,23372,23372,24147,24147,24147
misc,ex7,3214,3214,3214,3257,3257,3257
misc,ex8,5132,5132,5131,5203,5203,5203
misc,ex9,5066,5066,5066,5116,5116,5116
misc,exdata-1,21429,20969,20865,21439,20961,20961
misc,extr1,5875,5818,5777,6049,6049,6049
misc,extr1b,5844,5800,5772,6041,6041,6041
misc,f855-mat9,17137,17092,17092,17350,17350,17350
misc,f855-mat9-I,16542,16530,16530,16712,16712,16712
misc,FA,26260,24854,23881,26144,26144,26144
misc,facebook-wosn-links,165094,164759,157105,160027,160015,154293
misc,facebook-wosn-wall,87584,83228,79612,85218,82881,82881
misc,fd12,18158,17576,17213,18630,18630,18630
misc,fd15,28333,27200,26640,28580,28580,28580
misc,fd18,39933,38572,37624,40037,40037,40037
misc,fe-4elt2,12478,12478,12478,12545,12545,12545
misc,fe-body,46821,46811,46811,46886,46886,46886
misc,FEM-3D-thermal1,24842,24758,24758,24935,24935,24935
misc,FEM-3D-thermal2,70647,59759,59735,60581,60074,60074
misc,fem-filter,93607,90837,89367,93470,90685,90616
misc,fe-ocean,159489,159410,159329,159514,159444,159444
misc,fe-rotor,114465,112581,112263,112970,112454,112454
misc,fe-sphere,18420,18416,18416,18552,18552,18552
misc,fe-tooth,89249,88898,88799,89209,88975,88975
misc,filter2D,2113,2113,2113,2156,2156,2156
misc,filter3D,129618,120409,120331,129618,120485,120485
misc,finan512,78764,78523,78522,78779,78779,78779
misc,finance256,41104,41088,41087,41201,41201,41201
misc,flickr,1044489,1044489,1004077,1044493,1018978,1005724
misc,flickrEdges,252742,252672,252160,252749,252738,252416
misc,flickr-groupmemberships,1085767,1085767,1084749,1085767,1085767,1085426
misc,flickr-links,334024,334012,326684,334024,334024,333899
misc,flower-4-4,11068,10970,10969,11244,11244,11244
misc,flower-5-4,28744,28367,28108,28871,28871,28871
misc,flower-7-4,128233,120356,117241,122606,120612,120612
misc,flower-8-4,229950,218524,214773,220714,219013,217529
misc,flowmeter0,11069,11069,11069,11138,11138,11138
misc,flowmeter5,11072,11072,11069,11138,11138,11138
misc,foldoc,31213,29786,29228,32126,32126,32126
misc,fome11,48612,47617,46965,48687,48687,48687
misc,fome12,92321,91322,89779,92508,91800,91800
misc,fome13,180476,171955,170284,174202,171971,171829
misc,fome20,154528,154378,154127,154564,154471,154471
misc,fome21,303319,302748,302349,303319,302841,302841
misc,ford1,20165,20163,20163,20200,20200,20200
misc,ford2,103901,103801,103787,103900,103885,103885
misc,fp,16980,16949,16949,16988,16983,16983
misc,fpga-trans-02,1556,1554,1554,1560,1560,1560
misc,Franz10,46147,44575,43379,46208,45697,45697
misc,Franz11,163030,144555,134359,149185,144809,138737
misc,Franz2,13404,13198,13111,13840,13840,13840
misc,Franz4,25274,25133,25133,25511,25511,25511
misc,Franz5,20599,20437,20393,20829,20829,20829
misc,Franz6,22726,22456,22366,22933,22933,22933
misc,Franz7,19708,19520,19427,19898,19898,19898
misc,Franz8,50041,49469,49152,50070,50070,50070
misc,Franz9,43254,42478,42422,43226,43181,43181
misc,fs-EAT-SR,82214,82122,81983,82228,82218,82218
misc,fs-FA,26650,26284,26284,26094,26094,26094
misc,fv1,11325,11325,11325,11399,11399,11399
misc,fv2,11507,11503,11497,11566,11566,11566
misc,fv3,11507,11507,11507,11628,11628,11628
misc,fxm2-16,12003,11980,11970,12035,12035,12035
misc,fxm2-6,5250,5241,5241,5328,5328,5328
misc,fxm3-16,128398,128394,128384,128401,128401,128401
misc,fxm3-6,6177,6177,6177,6195,6195,6195
misc,fxm4-6,70511,70464,70455,70567,70567,70567
misc,G22,10387,10221,10132,11284,11284,11284
misc,G23,10384,10149,10061,11269,11269,11269
misc,G24,10364,10177,10086,11281,11281,11281
misc,G25,10354,10165,10044,11267,11267,11267
misc,G26,10318,10104,10013,11271,11271,11271
misc,G27,10356,10172,10067,11244,11244,11244
misc,G28,10328,10129,10054,11269,11269,11269
misc,G29,10360,10142,10033,11159,11159,11159
misc,G2-circuit,158011,157786,157625,158114,157861,157861
misc,G30,10385,10176,10082,11264,11264,11264
misc,G31,10346,10138,10058,11230,11230,11230
misc,G3-circuit,169183,169148,169109,169173,169166,169166
misc,g3rmt3m3,7820,7820,7818,7841,7841,7841
misc,G56,10533,10245,10092,11089,11089,11089
misc,G58,12851,12846,12846,13106,12655,12655
misc,G59,12586,12378,12296,12649,12649,12649
misc,G60,14652,14244,13990,15193,15193,15193
misc,G61,14665,14194,13978,15185,15185,15185
misc,G62,8130,8130,8130,8191,8191,8191
misc,G63,17932,17781,17781,17637,17637,17637
misc,G64,17864,17826,17826,17612,17612,17612
misc,G65,9191,9162,9134,9262,9262,9262
misc,G66,10262,10220,10196,10319,10319,10319
misc,G67,11373,11327,11278,11446,11446,11446
misc,g7jac010,4952,4932,4922,5139,5139,5139
misc,g7jac010sc,5022,5021,5021,5163,5163,5163
misc,g7jac020,9341,9341,9341,9543,9543,9543
misc,g7jac020sc,9339,9339,9339,9543,9543,9543
misc,g7jac040,17754,17626,17626,18057,18057,18057
misc,g7jac040sc,17770,17637,17633,18013,18013,18013
misc,g7jac050sc,22100,21815,21694,21969,21969,21969
misc,g7jac060,26375,26004,25930,26412,26412,26412
misc,g7jac060sc,26369,26025,25973,26382,26382,26382
misc,g7jac080,34301,33796,33681,34328,34225,34225
misc,g7jac080sc,34264,33812,33747,34330,34273,34273
misc,g7jac100,42143,41588,41507,42112,42004,42004
misc,g7jac100sc,42109,41586,41482,41805,41318,41318
misc,g7jac120,49711,49028,48851,49581,49254,49254
misc,g7jac120sc,49597,48986,48856,49625,49330,49330
misc,g7jac140,57577,56885,56616,57650,57308,57308
misc,g7jac140sc,57581,56860,56672,57798,57348,57348
misc,g7jac160,68703,63837,63549,64602,64066,64066
misc,g7jac160sc,68703,63907,63652,64602,64142,64142
misc,g7jac180,76778,71968,71552,72759,71413,71413
misc,g7jac180sc,76778,71870,71564,72759,72058,72058
misc,g7jac200,85941,80242,79784,81628,79190,79182
misc,g7jac200sc,85941,80132,79754,81628,79341,79341
misc,Ga19As19H42,256907,256410,243475,256802,254151,246710
misc,GaAsH6,130281,130183,129695,130281,130259,130259
misc,garon1,4930,4930,4930,4997,4997,4997
misc,garon2,16689,16689,16684,16751,16751,16751
misc,gas-sensor,93033,85107,84484,87905,85024,85024
misc,ge,28584,28517,28469,28619,28619,28619
misc,Ge87H76,134511,124413,122242,127437,124520,123721
misc,Ge99H100,229879,229774,217204,229890,225072,217577
misc,gemat1,16908,16908,16908,17021,17021,17021
misc,gemat11,12338,12184,12183,12655,12655,12655
misc,gemat12,12298,12161,12155,12627,12627,12627
misc,gen,10150,10131,10119,10306,10306,10306
misc,gen1,10045,10028,10028,10296,10296,10296
misc,gen2,12668,12646,12646,12863,12863,12863
misc,gen4,15672,15612,15612,15910,15910,15910
misc,github,205130,204404,204294,205117,204456,204313
misc,GL7d12,20067,18908,18523,20621,20621,20621
misc,GL7d13,173746,158048,148359,161341,155701,150707
misc,GL7d14,830136,830136,705308,830136,719399,700993
misc,GL7d22,921990,921700,845114,921990,861230,844893
misc,GL7d24,286864,286864,252238,265478,265473,253019
misc,GL7d25,41392,39724,38671,41636,41551,41551
misc,goodwin,10506,10506,10506,10612,10612,10612
misc,gottron-excellent,379571,379571,379570,379571,379571,379571
misc,graham1,12605,12605,12605,12765,12765,12765
misc,graphics,42666,42601,42541,42750,42750,42750
misc,gridgena,53311,53163,53157,53332,53332,53332
misc,GT01R,13521,13521,13521,13537,13537,13537
misc,gupta1,51364,50579,50537,51604,51314,51302
misc,gupta2,99943,99224,98596,99932,99232,98999
misc,gyro,22940,22721,22721,22928,22768,22768
misc,gyro-k,22892,22538,22538,22919,22760,22760
misc,gyro-m,19223,19220,19220,19291,19291,19291
misc,H2O,141635,141339,140863,141635,141442,141442
misc,Hamrle2,11668,11523,11429,11860,11860,11860
misc,Hamrle3,951385,950131,949615,950687,950110,949772
misc,hcircuit,106499,106475,106467,106494,106494,106494
misc,heart1,14830,14683,14638,15342,15339,15339
misc,heart2,9346,9301,9300,9366,9366,9366
misc,heart3,9300,9243,9243,9364,9362,9362
misc,helm2d03,402923,401165,401058,402923,401183,401165
misc,helm3d01,40418,40082,40079,40439,40439,40439
misc,hep-th,8894,8876,8876,9021,9021,9021
misc,HEP-th-new,63126,58878,56675,60253,58300,58300
misc,HTC-336-4438,229688,229336,229268,229688,229352,229352
misc,HTC-336-9129,230767,229267,229262,229929,229394,229394
misc,hugetrace-00000,621729,621729,621729,621729,621729,621729
misc,hvdc1,25644,25639,25639,25688,25688,25688
misc,hvdc2,191630,191547,191541,191632,191556,191556
misc,hydr1,10658,10517,10456,10914,10914,10914
misc,hydr1c,10651,10549,10471,10907,10907,10907
misc,ibm-matrix-2,65964,65900,65900,65953,65953,65953
misc,IG5-11,7324,7324,7324,7578,7578,7578
misc,IG5-12,13498,13461,13461,13875,13875,13875
misc,IG5-13,23069,22682,22682,23442,23442,23442
misc,IG5-14,38995,38456,38456,39336,39336,39336
misc,IG5-15,64618,63611,63177,64649,64571,64571
misc,IG5-16,105784,101864,97505,105817,101812,100795
misc,IG5-17,166698,162029,157481,166684,162670,158743
misc,IG5-18,260054,259912,246406,260058,259833,247123
misc,igbt3,13292,13261,13261,13311,13311,13311
misc,Ill-Stokes,26468,26277,26277,26743,26743,26743
misc,image-interp,363873,362676,362646,363873,362680,362680
misc,init-adder1,2410,2410,2407,2445,2445,2445
misc,inlet,15684,15684,15684,15761,15761,15761
misc,ins2,310189,310177,310176,310189,310189,310189
misc,internet,129285,129245,129174,129319,129269,129269
misc,invextr1-new,44903,44227,44227,48003,45404,45404
misc,italy-osm,1163830,1163830,1163830,1163830,1163830,1163830
misc,jan99jac020,9318,9283,9261,9463,9463,9463
misc,jan99jac020sc,9322,9283,9270,9464,9464,9464
misc,jan99jac040,18276,18198,18185,18487,18487,18487
misc,jan99jac040sc,18284,18229,18069,18471,18471,18471
misc,jan99jac060,26884,26676,26644,27074,27074,27074
misc,jan99jac060sc,26964,26746,26725,27072,27072,27072
misc,jan99jac080,35616,35038,35031,35404,35404,35404
misc,jan99jac080sc,35343,34996,34962,35348,35348,35348
misc,jan99jac100,43794,43413,43368,43781,43741,43741
misc,jan99jac100sc,43657,43210,43078,43978,43978,43978
misc,jan99jac120,52081,51352,51201,52031,51988,51988
misc,jan99jac120sc,52032,51562,51416,51987,51960,51960
misc,jendrec1,9935,9935,9935,9898,9898,9898
misc,jester1,78833,78832,78832,78833,78832,78832
misc,jester2,56408,56408,56408,56408,56408,56408
misc,jnlbrng1,42658,42618,42601,42686,42686,42686
misc,juba40k,39464,39449,39448,39471,39471,39471
misc,k1-san,72526,72446,72431,72552,72552,72552
misc,k3plates,14157,14142,14142,14245,14245,14245
misc,karted,201556,200497,200014,201556,200533,200533
misc,Kaufhold,9124,9123,9123,9151,9151,9151
misc,Kemelmacher,42099,42011,41985,42149,42149,42149
misc,kim1,45050,44883,44883,44980,44974,44974
misc,kim2,65648,65427,65417,65697,65610,65573
misc,kkt-power,161085,160989,160974,161010,160986,160976
misc,kl02,39122,39117,39116,39136,39136,39136
misc,kneser-10-4-1,709710,709000,708746,709378,709041,708848
misc,kneser-8-3-1,35186,34913,34726,35262,35262,35262
misc,kron-g500-logn16,206877,206834,206788,206877,206877,206876
misc,Kuu,9718,9718,9718,9754,9754,9754
misc,l30,20278,20266,20266,20403,20403,20403
misc,L-9,19654,19635,19592,19702,19702,19702
misc,laminar-duct3D,96628,86330,85968,90516,86325,86325
misc,landmark,79532,79318,79304,79506,79477,79477
misc,language,507272,506163,491884,501517,498850,491033
misc,large,12771,12733,12732,12880,12880,12880
misc,lasagne-spanishbook,18787,18599,18591,19106,19106,19106
misc,Lederberg,14035,13633,13529,14219,14219,14219
misc,LF10000,20124,20124,20124,20124,20124,20124
misc,LFAT5000,20099,20099,20099,20099,20099,20099
misc,lhr01,4498,4466,4466,4720,4720,4720
misc,lhr02,7553,7481,7438,7773,7773,7773
misc,lhr04,11225,11071,10950,11456,11456,11456
misc,lhr04c,11242,11049,10976,11459,11459,11459
misc,lhr07,17660,17229,17068,17718,17718,17718
misc,lhr07c,17647,17268,17070,17856,17856,17856
misc,lhr10,25164,24723,24597,25279,25279,25279
misc,lhr10c,25153,24716,24656,25267,25267,25267
misc,lhr11,25672,25226,25029,25734,25715,25715
misc,lhr11c,25694,25291,25026,25847,25847,25847
misc,lhr14,32176,31631,31328,32194,32141,32141
misc,lhr14c,32180,31591,31337,32110,32103,32103
misc,lhr17,38986,38439,38063,38955,38776,38776
misc,lhr17c,39058,38450,38090,38955,38831,38831
misc,lhr34,72037,67930,67308,69035,68012,68012
misc,lhr34c,72037,67962,67262,69035,68112,68112
misc,lhr71,128792,122517,121556,128792,122399,122313
misc,lhr71c,128792,122539,121480,128792,122441,122350
misc,li,41616,40862,40773,41646,41005,41005
misc,light-in-tissue,32642,32582,32566,32688,32688,32688
misc,Lin,285211,285170,285130,285212,285192,285192
misc,linux,45520,44852,44586,45459,45222,45222
misc,linverse,12188,12188,12188,12188,12188,12188
misc,lkml-person-thread,364955,364255,364115,364955,364376,364038
misc,lkml-reply,44943,44858,44858,44966,44966,44966
misc,lns-3937,5209,5204,5201,5310,5310,5310
misc,lnsp3937,5208,5203,5200,5297,5297,5297
misc,loc-brightkite-edges,90950,88405,85704,89532,87600,87600
misc,loc-gowalla-edges,304705,303722,292562,295446,295412,287896
misc,lock1074,2696,2696,2696,2758,2758,2758
misc,lock2232,3801,3801,3798,3940,3940,3940
misc,lock3491,5931,5931,5931,5954,5954,5954
misc,lp1,534451,534451,534451,534451,534451,534451
misc,lp22,28988,28855,28576,28976,28976,28976
misc,lp-80bau3b,15383,15352,15342,15413,15413,15413
misc,lp-bnl2,8040,8024,8016,8077,8077,8077
misc,lp-cre-a,12140,12130,12130,12233,12233,12233
misc,lp-cre-b,93518,93280,93157,93563,93451,93451
misc,lp-cre-c,10904,10863,10835,11008,11008,11008
misc,lp-cre-d,89812,89586,89425,89741,89732,89732
misc,lp-cycle,6794,6766,6744,6872,6872,6872
misc,lp-d2q06c,9864,9835,9809,9941,9941,9941
misc,lp-d6cube,10533,10293,10217,10834,10834,10834
misc,lp-degen3,6884,6820,6812,7080,7080,7080
misc,lp-dfl001,25230,24603,24350,25469,25469,25469
misc,lp-fit2d,11720,11720,11720,11720,11720,11720
misc,lp-fit2p,17679,17679,17678,17681,17681,17681
misc,lp-greenbea,10394,10378,10363,10536,10536,10536
misc,lp-greenbeb,10417,10396,10391,10531,10531,10531
misc,lpi-bgindy,19093,19000,18986,19243,19243,19243
misc,lpi-ceria3d,10239,10157,10098,10429,10429,10429
misc,lpi-gosh,21772,21750,21692,21790,21790,21790
misc,lpi-gran,6453,6453,6453,6483,6483,6483
misc,lpi-greenbea,10331,10286,10270,10475,10475,10475
misc,lp-ken-11,39244,39236,39236,39271,39271,39271
misc,lp-ken-13,77075,76912,76755,77109,77109,77109
misc,lp-ken-18,270217,270063,269903,270191,270161,270161
misc,lpl1,41399,41075,41027,41483,41483,41483
misc,lpl2,16751,16746,16745,16771,16771,16771
misc,lpl3,49637,49606,49602,49659,49659,49659
misc,lp-maros-r7,20423,20191,19812,20997,20990,20990
misc,lp-nug12,21585,21508,21498,21718,21718,21718
misc,lp-nug15,47923,47739,47653,47986,47986,47986
misc,lp-nug20,134145,133640,133295,134137,133959,133959
misc,lp-nug30,593846,592091,591254,593846,592223,591725
misc,lp-osa-07,29832,29741,29741,29927,29927,29927
misc,lp-osa-14,61062,60864,60759,61075,61075,61075
misc,lp-osa-30,112773,112727,112492,112779,112778,112778
misc,lp-osa-60,257645,257637,257537,257645,257645,257645
misc,lp-pds-02,12296,12280,12280,12405,12405,12405
misc,lp-pds-06,44542,44392,44303,44601,44601,44601
misc,lp-pds-10,74122,74000,73844,74170,74170,74170
misc,lp-pds-20,154518,154343,154097,154534,154447,154447
misc,lp-pilot,10133,10073,10034,10236,10236,10236
misc,lp-pilot87,13908,13762,13663,14041,14041,14041
misc,lp-pilot-ja,4868,4855,4855,4941,4941,4941
misc,lp-pilotnov,4892,4885,4885,5002,5002,5002
misc,lp-qap12,21739,21667,21616,21857,21857,21857
misc,lp-qap15,47780,47633,47592,47874,47874,47874
misc,lp-stocfor3,40920,40914,40910,40919,40919,40919
misc,lp-truss,11784,11775,11775,11824,11824,11824
misc,lp-wood1p,6219,6011,5678,6365,6365,6365
misc,lp-woodw,11740,11738,11738,11804,11804,11804
misc,lung1,1788,1788,1788,1796,1796,1796
misc,lung2,109692,109686,109684,109694,109694,109694
misc,luxembourg-osm,115008,115008,115005,115009,115009,115009
misc,m133-b3,489101,489101,474140,489101,482980,474350
misc,m14b,247590,241355,240199,247570,241357,241041
misc,mac-econ-fwd500,222400,221217,221143,222400,221262,221262
misc,majorbasis,176690,173694,173472,176690,173772,173772
misc,man-5976,8603,8603,8603,8826,8826,8826
misc,Maragal-3,5241,5170,5153,5699,5699,5699
misc,Maragal-4,6755,6755,6755,7256,7256,7256
misc,Maragal-5,16299,15313,15017,16593,16546,16546
misc,Maragal-6,71473,61096,56285,71473,60219,59193
misc,Maragal-7,138104,125866,119945,138096,125911,124739
misc,Maragal-8,173521,156386,147931,173148,155997,146946
misc,mario001,39749,39742,39742,39805,39805,39805
misc,mario002,394404,394275,394170,394404,394320,394320
misc,mark3jac020,13376,13339,13335,13588,13588,13588
misc,mark3jac020sc,13385,13328,13304,13628,13628,13628
misc,mark3jac040,25393,25256,25223,25520,25520,25520
misc,mark3jac040sc,25418,25267,25201,25524,25524,25524
misc,mark3jac060,36658,36314,36265,36714,36714,36714
misc,mark3jac060sc,36733,36356,36266,36731,36731,36731
misc,mark3jac080,47841,47625,47505,47843,47843,47843
misc,mark3jac080sc,47846,47548,47446,47855,47846,47846
misc,mark3jac100,58057,57725,57654,58037,57996,57996
misc,mark3jac100sc,58045,57775,57664,58037,57997,57997
misc,mark3jac120,68720,68412,68319,68777,68678,68678
misc,mark3jac120sc,68808,68411,68294,68765,68650,68650
misc,mark3jac140,5574,5557,5551,5798,5798,5798
misc,mark3jac140sc,79549,79136,78871,79537,79397,79397
misc,matrix-9,126589,126523,126517,126717,126717,126717
misc,mc2depi,538031,536816,536482,538024,536851,536745
misc,meg1,8205,8079,7991,8397,8397,8397
misc,meg4,6972,6972,6972,7011,7011,7011
misc,memplus,19204,19196,19189,19204,19204,19204
misc,mesh-deform,246422,246406,246404,247027,246465,246465
misc,mhd1280a,2942,2942,2942,2953,2953,2953
misc,mhd1280b,1733,1733,1733,1732,1732,1732
misc,mhd3200a,3952,3952,3952,3953,3953,3953
misc,mhd3200b,3299,3299,3299,3300,3300,3300
misc,mhd4800a,5512,5512,5512,5518,5518,5518
misc,mhd4800b,4899,4899,4899,4900,4900,4900
misc,mimo28x28-system,13126,13126,13126,13146,13146,13146
misc,mimo46x46-system,13138,13132,13132,13157,13157,13157
misc,mimo8x8-system,13176,13170,13170,13211,13211,13211
misc,minsurfo,43573,43502,43502,43701,43701,43701
misc,misc-jung-code-dep,9386,9173,9173,9771,9771,9771
misc,misc-Reuters911,46962,46922,46893,46966,46966,46966
misc,mixtank-new,47609,44962,44961,47609,47609,47609
misc,mk10-b3,13709,13550,13489,13940,13940,13940
misc,mk11-b2,14022,13782,13520,14239,14239,14239
misc,mk11-b3,45849,45359,44894,45879,45879,45879
misc,mk11-b4,39855,39713,39448,39921,39921,39921
misc,mk11-b4b,37543,37355,37073,37606,37606,37606
misc,mk12-b2,24749,24454,24215,24934,24934,24934
misc,mk12-b3,126047,125621,124857,126127,125862,125862
misc,mk12-b4,191498,189186,187911,190776,189471,189471
misc,mk12-b5,72765,72765,72765,72765,72765,72765
misc,mk13-b5,563449,563449,560080,563449,562953,560309
misc,mod2,108703,108541,108451,108706,108685,108685
misc,model10,26502,26465,26424,26536,26536,26536
misc,model3,7948,7927,7913,7990,7990,7990
misc,model4,9230,9178,9175,9299,9299,9299
misc,model5,18005,17965,17952,18046,18046,18046
misc,model6,9511,9459,9448,9573,9573,9573
misc,model7,15440,15405,15365,15472,15472,15472
misc,model8,11796,11716,11707,11879,11879,11879
misc,model9,15928,15910,15904,15942,15942,15942
misc,moreno-blogs,16875,16439,16342,16759,16369,16369
misc,movielens-10m-ti,36491,36405,36405,36543,36543,36543
misc,movielens-10m-ui,19499,19019,19019,20491,20491,20491
misc,movielens-10m-ut,25990,25096,24581,25949,25949,25949
misc,movielens-1m,53096,53095,53095,53100,53096,53096
misc,mplate,11074,11074,11074,11101,11101,11101
misc,mri1,187919,187373,186864,189891,187460,187460
misc,mri2,173326,172783,172651,172989,172830,172830
misc,msc01050,2356,2356,2356,2411,2411,2411
misc,msc01440,3077,3077,3077,3122,3122,3122
misc,msc04515,6361,6361,6360,6404,6404,6404
misc,msc10848,18408,18367,18367,18404,18403,18403
misc,msc23052,29237,29039,29037,29861,29279,29279
misc,mult-dcop-01,32130,32032,32032,32339,32339,32339
misc,mult-dcop-02,33182,31936,31876,33780,33780,33780
misc,mult-dcop-03,31844,31798,31798,32029,32029,32029
misc,munmun-digg-reply,58138,57215,56853,58440,58440,58440
misc,munmun-twitter-social,520919,520565,520059,520919,520738,520390
misc,Muu,8566,8566,8566,8784,8784,8784
misc,n2c6-b5,15926,15851,15848,16161,16161,16161
misc,n2c6-b6,21367,21296,21276,21533,21533,21533
misc,n2c6-b7,18634,18216,18091,18854,18854,18854
misc,n3c6-b5,15968,15923,15923,16184,16184,16184
misc,n3c6-b6,22998,22929,22907,23162,23162,23162
misc,n3c6-b7,13288,13263,13252,13483,13483,13483
misc,n3c6-b8,23090,22868,22835,23275,23275,23275
misc,n3c6-b9,15343,15247,15113,15485,15485,15485
misc,n4c5-b5,14233,14173,14122,14499,14499,14499
misc,n4c5-b6,17837,17749,17702,18043,18043,18043
misc,n4c5-b7,16263,16171,16102,16436,16436,16436
misc,n4c5-b8,10118,10066,10012,10257,10257,10257
misc,n4c6-b10,604165,604165,596241,600724,600724,596233
misc,n4c6-b11,354675,354675,325978,343232,343232,327631
misc,n4c6-b12,152164,137355,134206,142073,137822,136928
misc,n4c6-b13,40978,40173,40086,41014,40991,40991
misc,n4c6-b3,14508,14390,14266,14626,14626,14626
misc,n4c6-b4,51915,51529,51307,51977,51977,51977
misc,n4c6-b5,145189,143007,141913,144722,143059,143043
misc,n4c6-b6,315926,314154,309578,315926,315044,310386
misc,n4c6-b7,536642,536642,528089,535143,535142,528615
misc,n4c6-b8,715230,715230,707156,715230,713235,708182
misc,n4c6-b9,751432,751432,742536,751432,747522,742783
misc,Na5,16680,16314,16266,16890,16890,16890
misc,nasa1824,3038,3038,3038,3072,3072,3072
misc,nasa2146,3941,3941,3941,3958,3958,3958
misc,nasa2910,5580,5580,5580,5630,5630,5630
misc,nasa4704,6681,6681,6681,6776,6776,6776
misc,nasasrb,65504,65116,65100,65493,65160,65160
misc,ncvxbqp1,54167,54062,54057,54195,54195,54195
misc,ncvxqp1,17087,16921,16921,17400,17400,17400
misc,ncvxqp3,97493,90066,88926,91375,90325,90325
misc,ncvxqp5,76121,75461,74968,76119,75839,75839
misc,ncvxqp7,112668,105012,104051,105716,105131,105131
misc,ncvxqp9,17482,17468,17451,17504,17504,17504
misc,nd3k,32830,32756,32684,32837,32793,32793
misc,nd6k,15297,15283,15283,15341,15341,15341
misc,nemeth01,11897,11897,11897,11897,11897,11897
misc,nemeth02,10929,10929,10929,10935,10935,10935
misc,nemeth03,10928,10928,10928,10935,10935,10935
misc,nemeth04,10929,10929,10929,10934,10934,10934
misc,nemeth05,10929,10929,10929,10934,10934,10934
misc,nemeth06,10929,10929,10929,10935,10935,10935
misc,nemeth07,10923,10923,10923,10931,10931,10931
misc,nemeth08,10924,10924,10924,10926,10926,10926
misc,nemeth09,10960,10960,10960,10963,10963,10963
misc,nemeth10,10922,10918,10906,10930,10930,10930
misc,nemeth11,10902,10902,10899,10924,10924,10924
misc,nemeth12,11076,11076,11076,11076,11076,11076
misc,nemeth13,11224,11220,11208,11224,11224,11224
misc,nemeth14,11224,11224,11224,11235,11235,11235
misc,nemeth15,11463,11463,11463,11466,11466,11466
misc,nemeth16,11577,11577,11577,11577,11577,11577
misc,nemeth17,11691,11691,11691,11719,11719,11719
misc,nemeth18,11900,11900,11900,11907,11907,11907
misc,nemeth19,12397,12397,12397,12398,12398,12398
misc,nemeth20,12918,12918,12918,12921,12921,12921
misc,nemeth21,13524,13524,13524,13526,13526,13526
misc,nemeth22,14181,14181,14181,14184,14184,14184
misc,nemeth23,14705,14701,14701,14716,14716,14716
misc,nemeth24,14732,14732,14732,14734,14734,14734
misc,nemeth25,14731,14731,14731,14739,14738,14738
misc,nemeth26,14747,14745,14745,14745,14745,14745
misc,nemsemm1,82486,82466,82458,82460,82458,82458
misc,nemsemm2,57552,57549,57549,57556,57556,57556
misc,nemspmm1,14079,14019,13980,14191,14191,14191
misc,nemspmm2,14032,13946,13928,14158,14158,14158
misc,nemswrld,40809,40651,40558,40835,40825,40825
misc,neos,1017160,1012303,1012159,1012524,1012350,1012166
misc,neos1,295810,293470,293454,295810,293469,293469
misc,neos2,295788,293287,293243,295788,293282,293282
misc,neos3,1108093,1103373,1103286,1108093,1103373,1103268
misc,net100,64618,60298,60036,62231,59950,59950
misc,net125,81125,75349,74975,77458,75638,75638
misc,net150,98054,90403,90045,93081,90454,90099
misc,net25,20226,20217,20217,20513,20513,20513
misc,net4-1,93671,93604,93604,93657,93636,93636
misc,net50,33035,32636,32571,33051,33043,33043
misc,net75,48546,47093,45871,47875,47507,47507
misc,nl,26046,25933,25828,26089,26089,26089
misc,nmos3,21811,21787,21784,21842,21842,21842
misc,nopoly,11696,11695,11694,11744,11744,11744
misc,nopss-11k,11612,11611,11611,11661,11661,11661
misc,NotreDame-actors,726576,726243,683514,726575,688406,679204
misc,NotreDame-www,267835,264980,264352,267905,264832,264705
misc,ns3Da,33897,33792,33792,33898,33891,33891
misc,nsct,74315,74222,74143,74317,74316,74316
misc,nsir,21416,21266,21265,21485,21485,21485
misc,nug08-3rd,91799,82508,77637,87951,83434,83434
misc,nw14,125418,125417,125417,125423,125423,125423
misc,obstclae,42666,42655,42655,42711,42711,42711
misc,ODLIS,6296,6291,6291,6653,6653,6653
misc,offshore,300780,289389,286636,288399,287720,286802
misc,oilpan,83608,83349,83300,83622,83419,83419
misc,olafu,22372,22320,22320,22856,22620,22620
misc,olesnik0,93924,93610,93528,94113,94093,94093
misc,olm5000,5116,5116,5116,5116,5116,5116
misc,onera-dual,93778,93461,93330,93802,93718,93718
misc,onetone1,51426,51335,51335,51434,51434,51434
misc,onetone2,42593,42423,42423,42905,42905,42905
misc,OPF-10000,44945,44941,44941,44945,44945,44945
misc,OPF-3754,16150,16150,16150,16158,16158,16158
misc,OPF-6000,30963,30963,30956,30973,30973,30973
misc,opsahl-openflights,4856,4856,4856,4997,4997,4997
misc,opsahl-ucsocial,5793,5793,5793,6058,6058,6058
misc,opsahl-usairport,4207,4206,4206,4392,4392,4392
misc,opt1,26028,25925,25925,26047,26007,26007
misc,orani678,8540,8495,8495,8666,8666,8666
misc,Oregon-1,13097,12960,12935,13299,13299,13299
misc,Oregon-2,14155,13968,13941,14439,14439,14439
misc,orsreg-1,3358,3358,3358,3409,3409,3409
misc,p010,33996,33898,33881,34062,34062,34062
misc,p05,18225,18167,18147,18296,18296,18296
misc,p2p-Gnutella04,28157,26528,25730,28830,28830,28830
misc,p2p-Gnutella05,22321,21032,20669,22998,22998,22998
misc,p2p-Gnutella06,21978,20720,20071,22736,22736,22736
misc,p2p-Gnutella08,13946,13296,13146,14592,14592,14592
misc,p2p-Gnutella09,17908,17002,16612,18667,18667,18667
misc,p2p-Gnutella24,52728,51119,48588,52426,52414,52414
misc,p2p-Gnutella25,44039,42539,40451,44095,44095,44095
misc,p2p-Gnutella30,69719,68704,65877,70076,70071,70071
misc,p2p-Gnutella31,117747,116225,112843,118072,116634,116634
misc,p6000,10158,10158,10158,10158,10158,10158
misc,para-10,12761,12735,12704,12818,12818,12818
misc,para-4,94564,91245,90972,91023,90777,90777
misc,para-5,12608,12591,12591,12659,12659,12659
misc,para-6,12652,12621,12612,12629,12629,12629
misc,para-7,12615,12593,12591,12656,12656,12656
misc,para-8,12832,12795,12778,12896,12896,12896
misc,para-9,12704,12667,12662,12755,12755,12755
misc,parabolic-fem,538467,536477,536300,538477,536600,536380
misc,patents-main,297418,285736,283313,287371,285736,283781
misc,pcb1000,5771,5771,5771,5950,5950,5950
misc,pcb3000,14191,14097,14097,14058,14058,14058
misc,pcrystk02,24299,23948,23948,24618,24599,24599
misc,pcrystk03,39497,38318,38306,39500,38885,38885
misc,pct20stif,63266,63004,62958,63291,63109,63109
misc,Pd,5525,5525,5525,5530,5530,5530
misc,pdb1HYS,54861,54509,54354,54861,54651,54651
misc,pde2961,3620,3620,3620,3661,3661,3661
misc,pds10,24034,23901,23850,24130,24130,24130
misc,pds-100,702884,702188,701943,702372,702164,702076
misc,pds-30,224767,224544,224335,224789,224657,224657
misc,pds-40,304655,304014,303664,304655,304070,304070
misc,pds-50,382265,381664,381307,382265,381725,381725
misc,pds-60,461476,460898,460645,461476,460893,460893
misc,pds-70,533007,532458,532220,533007,532420,532400
misc,pds-80,593431,592754,592496,593431,592760,592714
misc,pds-90,649510,648823,648519,649510,648830,648830
misc,pesa,12917,12917,12917,12967,12967,12967
misc,petster-carnivore,1249865,1249865,1247541,1249863,1249842,1247523
misc,petster-friendships-cat,371508,371425,337818,371504,371425,338951
misc,petster-friendships-dog,1060558,1060558,1002593,1060532,1060532,1004366
misc,pf2177,22330,22156,22097,22529,22529,22529
misc,pfinan512,78776,78528,78522,78774,78772,78772
misc,pgp2,17544,17544,17544,17544,17544,17544
misc,PGPgiantcompo,11887,11804,11769,11973,11973,11973
misc,photogrammetry,3381,3381,3381,3389,3389,3389
misc,photogrammetry2,8811,8811,8811,8875,8875,8875
misc,pics-ti,653025,652559,630968,652818,651103,643844
misc,pics-ui,599289,598996,596266,599288,598475,596454
misc,pics-ut,137212,137068,136378,137235,137108,137108
misc,piston,3590,3590,3590,3608,3608,3608
misc,pkustk01,27833,27674,27672,27764,27764,27764
misc,pkustk02,15920,15911,15911,15994,15994,15994
misc,pkustk03,71958,71730,71724,71958,71844,71844
misc,pkustk04,72592,68347,68239,68931,68478,68478
misc,pkustk05,48770,48320,48246,48743,48575,48575
misc,pkustk06,55772,55428,55428,55728,55608,55608
misc,pkustk07,31968,31851,31851,31873,31872,31872
misc,pkustk08,40591,40589,40589,40593,40592,40592
misc,pkustk09,41187,41107,41106,41174,41155,41155
misc,pkustk10,94536,93997,93907,94536,94122,94122
misc,plat1919,3042,3042,3042,3112,3112,3112
misc,plbuckle,2370,2370,2370,2401,2401,2401
misc,pli,41617,40675,40647,44062,42326,42326
misc,plsk1919,2380,2380,2380,2399,2399,2399
misc,pltexpa,101199,101107,100970,101208,101208,101208
misc,poisson3Da,20044,20005,20005,20156,20156,20156
misc,poisson3Db,109939,104643,104151,106156,104641,104300
misc,poli3,18003,17915,17892,18050,18050,18050
misc,poli4,35235,35146,35083,35266,35266,35266
misc,poli-large,16007,15976,15969,16046,16046,16046
misc,pores-2,2275,2275,2275,2333,2333,2333
misc,powersim,16185,16180,16180,16203,16203,16203
misc,pre2,363406,362713,362339,363404,362598,362569
misc,Pres-Poisson,20598,20568,20511,20646,20646,20646
misc,primagaz,12831,12831,12831,12831,12831,12831
misc,psmigr-1,24749,24748,24748,24750,24750,24750
misc,psmigr-2,24819,24819,24819,24818,24816,24816
misc,psmigr-3,24783,24779,24779,24785,24784,24784
misc,psse0,38883,38845,38845,38929,38929,38929
misc,psse1,26322,26321,26319,26347,26347,26347
misc,psse2,40778,40682,40680,40806,40806,40806
misc,pwt,39954,39933,39931,40017,40017,40017
misc,qa8fk,90506,84893,84379,87037,84952,84952
misc,qa8fm,90567,84817,84359,87037,84926,84926
misc,qc2534,9063,9023,8988,9180,9180,9180
misc,qpband,20000,20000,20000,20000,20000,20000
misc,r05,20192,20141,20093,20237,20237,20237
misc,radfr1,2977,2949,2947,3095,3095,3095
misc,raefsky1,8762,8762,8762,8776,8776,8776
misc,raefsky2,8898,8898,8898,8980,8980,8980
misc,raefsky3,28399,28370,28367,28533,28370,28370
misc,raefsky4,31009,30679,30679,31963,31913,31913
misc,raefsky5,10137,10137,10137,10169,10169,10169
misc,raefsky6,8210,8210,8210,8210,8210,8210
misc,rail-1357,1769,1769,1769,1795,1795,1795
misc,rail-20209,21861,21855,21855,21863,21863,21863
misc,rail2586,99638,99099,98585,99715,99679,99679
misc,rail507,72698,72527,72454,72726,72640,72640
misc,rail516,57066,57037,57022,57106,57090,57090
misc,rail-5177,5986,5986,5986,6029,6029,6029
misc,rail582,66157,66098,66098,66165,66159,66159
misc,rail-79841,83146,83127,83111,83161,83161,83161
misc,Raj1,268861,268367,268322,268861,268416,268416
misc,rajat01,7347,7347,7347,7358,7358,7358
misc,rajat03,8425,8425,8425,8445,8445,8445
misc,rajat04,1559,1559,1559,1579,1579,1579
misc,rajat06,11908,11908,11908,11924,11924,11924
misc,rajat07,16004,16004,16004,16024,16024,16024
misc,rajat08,20642,20639,20639,20664,20664,20664
misc,rajat09,25988,25987,25987,26003,26003,26003
misc,rajat10,31921,31915,31915,31957,31957,31957
misc,rajat12,2273,2273,2273,2280,2280,2280
misc,rajat13,8013,8013,8013,8020,8020,8020
misc,rajat15,40717,40518,40513,40706,40706,40706
misc,rajat16,100284,100214,100179,100298,100289,100289
misc,rajat17,100310,100212,100189,100281,100281,100281
misc,rajat18,98607,98554,98511,98623,98608,98608
misc,rajat20,92884,92807,92751,92878,92878,92878
misc,rajat21,418114,416679,416630,416827,416694,416694
misc,rajat22,40463,40453,40453,40471,40471,40471
misc,rajat23,111371,111360,111346,111373,111373,111373
misc,rajat24,365087,365052,365023,365081,365059,365059
misc,rajat25,93408,93339,93307,93399,93391,93391
misc,rajat26,51761,51758,51751,51767,51767,51767
misc,rajat27,21301,21290,21271,21316,21316,21316
misc,rajat28,93402,93344,93317,93420,93420,93420
misc,rajat29,495514,483575,482823,492141,482324,482266
misc,rajat30,45815,45742,45742,45838,45838,45838
misc,ramage02,35097,34884,34882,35097,35097,35097
misc,rat,25311,24266,23911,25330,25330,25330
misc,rdb3200l,4198,4198,4198,4215,4215,4215
misc,rdb5000,6225,6225,6225,6283,6283,6283
misc,rdist1,9538,9460,9394,9670,9670,9670
misc,rdist2,7658,7575,7519,7749,7749,7749
misc,rdist3a,6115,6044,6005,6251,6251,6251
misc,reactome,11344,11252,11252,11541,11541,11541
misc,rel7,20948,20825,20825,21508,21508,21508
misc,rel8,338655,334177,330314,338655,337103,331172
misc,relat7,29507,29504,29504,29748,29748,29748
misc,relat7b,29500,29491,29491,29722,29722,29722
misc,relat8,465282,464877,462206,465282,465063,465059
misc,Reuters911,36711,36490,36490,36783,36783,36783
misc,RFdevice,186162,180786,172142,185748,180786,176838
misc,rgg-n-2-15-s0,34372,34330,34330,34501,34501,34501
misc,rgg-n-2-16-s0,68072,67913,67910,68061,67996,67996
misc,rgg-n-2-17-s0,135878,134974,134867,135332,135146,135146
misc,rgg-n-2-18-s0,270087,268524,268082,270087,268503,268480
misc,rim,27122,27094,27094,27048,27048,27048
misc,rlfddd,78235,77890,77514,78299,78299,78299
misc,rlfdual,97035,96942,96753,97041,97017,97017
misc,rlfprim,135455,135352,135168,135463,135439,135439
misc,rma10,52915,52827,52827,52888,52697,52697
misc,roadNet-PA,1092897,1092231,1092180,1092392,1092267,1092194
misc,roadNet-TX,1383692,1383253,1383189,1383494,1383408,1383204
misc,rosen1,3080,3080,3080,3080,3080,3080
misc,rosen10,8736,8735,8735,8736,8736,8736
misc,rosen2,4616,4616,4616,4616,4616,4616
misc,route,71133,71129,71129,71140,71140,71140
misc,rw5151,6225,6225,6225,6286,6286,6286
misc,s1rmq4m1,8925,8911,8911,9076,9076,9076
misc,s1rmt3m1,8237,8237,8237,8302,8302,8302
misc,s2rmq4m1,8969,8969,8969,8983,8983,8983
misc,s2rmt3m1,8145,8145,8145,8396,8396,8396
misc,s3dkq4m2,103061,102725,102707,103049,102779,102779
misc,s3dkt3m2,100955,100889,100889,100961,100889,100889
misc,s3rmq4m1,8923,8919,8919,8993,8993,8993
misc,s3rmt3m1,8183,8183,8183,8204,8204,8204
misc,s3rmt3m3,7789,7789,7789,7839,7839,7839
misc,s4dkt3m2,100961,100895,100895,100937,100883,100883
misc,saylr4,5066,5066,5066,5117,5117,5117
misc,sc205-2r,98172,98141,98119,98254,98254,98254
misc,scagr7-2b,24062,24060,24054,24076,24076,24076
misc,scagr7-2r,79926,79926,79926,79926,79926,79926
misc,scfxm1-2b,53478,53469,53465,53494,53494,53494
misc,scfxm1-2r,106349,106348,106337,106350,106350,106350
misc,scircuit,172850,172747,172715,172858,172801,172801
misc,scrs8-2r,43491,43468,43464,43512,43512,43512
misc,scsd8-2b,43870,43870,43870,43870,43870,43870
misc,scsd8-2c,43868,43868,43868,43868,43868,43868
misc,scsd8-2r,72300,72282,72265,72326,72326,72326
misc,sctap1-2b,51496,51496,51496,51429,51429,51429
misc,sctap1-2c,12081,12055,12055,12198,12198,12198
misc,sctap1-2r,94577,94577,94577,94579,94579,94579
misc,se,40290,40256,40179,40320,40320,40320
misc,seymourl,14659,14530,14343,14730,14730,14730
misc,sgpf5y6,564843,564210,564051,564843,564370,564370
misc,shallow-water1,85254,85246,85246,85274,85274,85274
misc,shallow-water2,85261,85259,85256,85268,85268,85268
misc,shar-te2-b1,20410,20409,20408,20439,20439,20439
misc,shar-te2-b2,305398,301898,300262,302682,301713,301233
misc,shar-te2-b3,491773,491773,476470,491773,484892,476855
misc,sherman2,2706,2706,2706,2737,2737,2737
misc,sherman3,4112,4112,4112,4167,4167,4167
misc,sherman5,3024,3024,3023,3043,3043,3043
misc,shermanACa,5018,4999,4999,5224,5224,5224
misc,shermanACb,22278,22024,21999,22363,22363,22363
misc,shermanACd,8737,8713,8713,8982,8982,8982
misc,ship-001,51919,51841,51795,51919,51919,51919
misc,shipsec5,42324,42249,42246,42236,42224,42224
misc,shock-9,38800,38759,38739,38849,38849,38849
misc,shuttle-eddy,12419,12412,12412,12476,12476,12476
misc,shyy161,80391,80333,80331,80409,80409,80409
misc,shyy41,5643,5643,5643,5670,5670,5670
misc,Si10H16,45702,44873,44241,45695,45310,45310
misc,Si5H12,51643,50369,49713,51794,50931,50931
misc,Sieber,2524,2524,2524,2524,2524,2524
misc,SiH4,12995,12901,12872,13232,13232,13232
misc,SiNa,14953,14736,14720,15143,15143,15143
misc,sinc12,32471,31364,30336,32538,32487,32487
misc,sinc15,51132,49810,47667,51039,50469,50469
misc,sinc18,72720,71989,69410,73722,72307,72307
misc,SiO,83559,83298,82685,83566,82588,82487
misc,sit100,12155,12153,12153,12414,12414,12414
misc,skirt,14876,14873,14787,15004,15004,15004
misc,slashdot-threads,78653,77955,77199,78547,78352,78352
misc,slashdot-zoo,175394,175256,175222,175394,175290,175290
misc,slptsk,13618,12525,12100,13825,13825,13825
misc,sme3Da,19827,19821,19821,19845,19842,19842
misc,sme3Db,42363,40565,40565,40942,40492,40492
misc,smt,43422,43068,43017,43342,43206,43206
misc,soc-Epinions1,131042,130881,130870,131035,130918,130918
misc,soc-sign-epinions,213876,213546,213434,213876,213775,213605
misc,soc-sign-Slashdot081106,173131,172998,172968,173142,173063,173063
misc,soc-sign-Slashdot090216,181827,181410,181406,181848,181677,181677
misc,soc-sign-Slashdot090221,182473,182283,182189,182493,182313,182313
misc,soc-Slashdot0811,173952,173711,173653,173978,173749,173749
misc,soc-Slashdot0902,182848,182562,182537,182850,182639,182639
misc,south31,55429,55414,55412,55449,55449,55449
misc,sparsine,127688,118741,115779,123832,118539,117680
misc,spiral,2445,2435,2435,2479,2479,2479
misc,spmsrtls,30184,30184,30184,30184,30184,30184
misc,srb1,65694,65418,65418,65706,65526,65526
misc,stackexchange-stackoverflow,823304,823304,812539,823304,823304,811638
misc,Stanford,332322,319575,300268,310132,309463,300947
misc,Stanford-Berkeley,39048,38836,38792,38859,38859,38859
misc,stat96v1,204736,204719,204698,204734,204732,204732
misc,stat96v4,67432,67432,67432,67432,67432,67432
misc,stat96v5,79015,79009,79005,79032,79032,79032
misc,std1-Jac2,74898,69030,67280,69872,68615,68467
misc,std1-Jac2-db,22969,22968,22968,22959,22953,22953
misc,std1-Jac3,77411,72807,70921,74433,72656,72218
misc,std1-Jac3-db,22379,22348,22348,22392,22390,22390
misc,stoch-aircraft,11482,11482,11482,11500,11500,11500
misc,stokes128,54752,54354,54292,54612,54612,54612
misc,stokes64,14963,14957,14838,15046,15046,15046
misc,stokes64s,14946,14900,14829,15032,15032,15032
misc,stomach,17991,17919,17897,18097,18097,18097
misc,stormg2-125,243242,242565,242477,242628,242567,242567
misc,stormg2-27,54218,54139,54046,54238,54238,54238
misc,stormg2-8,17151,17070,17036,17346,17346,17346
misc,struct3,59628,59449,59432,59641,59498,59498
misc,struct4,11554,11554,11549,11654,11654,11654
misc,sts4098,6077,6077,6077,6158,6158,6158
misc,stufe-10,25773,25747,25747,25828,25828,25828
misc,subelj-cora,32749,31819,31518,32542,32542,32542
misc,subelj-jdk,9603,9542,9542,10313,10313,10313
misc,subelj-jung-j,9377,9219,9189,9763,9763,9763
misc,swang1,3899,3899,3899,3932,3932,3932
misc,swang2,3903,3903,3903,3950,3950,3950
misc,t0331-4l,60274,59889,59716,60220,60098,60098
misc,t2dah,13699,13689,13681,13774,13774,13774
misc,t2dah-a,13691,13685,13683,13773,13773,13773
misc,t2dah-e,13685,13681,13681,13861,13861,13861
misc,t2dal,5395,5395,5395,5454,5454,5454
misc,t2dal-a,5394,5394,5394,5455,5455,5455
misc,t2dal-bci,5392,5392,5392,5453,5453,5453
misc,t2d-q4,11491,11491,11489,11569,11569,11569
misc,t2d-q9,11492,11492,11491,11605,11605,11605
misc,t3dh,115646,106705,106543,113279,111559,110423
misc,t3dh-a,116308,106692,106570,113279,106741,106741
misc,t3dh-e,119972,106699,106634,113279,106708,106708
misc,t3dl,29743,29576,29568,29743,29736,29736
misc,t3dl-a,29785,29548,29548,30234,30125,30125
misc,t520,8823,8823,8821,8851,8851,8851
misc,t60k,62392,62390,62390,62404,62404,62404
misc,tandem-dual,102516,102249,102140,102578,102473,102473
misc,tandem-vtx,23667,23619,23619,23725,23725,23725
misc,tech-arenas-pgp,11899,11836,11797,11977,11977,11977
misc,tech-as-22july06,26525,26149,25892,26696,26696,26696
misc,tech-as-caida,30239,29889,29676,30287,30287,30287
misc,tech-as-caida20071105,30284,29964,29778,30399,30399,30399
misc,tech-as-skitter,2126145,2116783,1901731,2126202,2126143,1904088
misc,ted-A,14116,14116,14116,14148,14148,14148
misc,ted-AB,14487,14487,14487,14509,14509,14509
misc,ted-AB-unscaled,14489,14489,14489,14509,14509,14509
misc,ted-A-unscaled,14115,14115,14115,14147,14147,14147
misc,ted-B,6804,6804,6804,6810,6810,6810
misc,ted-B-unscaled,6804,6804,6804,6810,6810,6810
misc,testbig,49493,49366,49365,49444,49444,49444
misc,TF14,14470,14282,14166,14862,14862,14862
misc,TF15,35246,34286,33895,35524,35524,35524
misc,TF16,90886,84884,83118,86934,85327,85327
misc,TF17,224909,213494,208948,215548,213624,211468
misc,TF18,554826,554826,522985,531386,531386,524283
misc,thermal,4943,4943,4943,5192,5192,5192
misc,thermal1,86307,86120,86114,86299,86251,86251
misc,thermomech-dM,211735,209950,209815,211677,210004,210004
misc,thermomech-TC,106543,106311,106297,106623,106444,106444
misc,thermomech-TK,106574,106320,106301,106547,106463,106463
misc,thread,53880,53775,53768,53880,53850,53850
misc,tomographic1,123109,121467,121124,122232,121601,121601
misc,torsion1,42625,42587,42542,42707,42707,42707
misc,torso2,122105,120935,120934,121290,121025,121025
misc,trans4,118843,118843,118843,118843,118843,118843
misc,trans5,118843,118843,118843,118843,118843,118843
misc,transient,183736,183697,183693,183736,183732,183732
misc,trdheim,27792,27664,27664,27643,27592,27592
misc,Trec11,6071,6065,6026,6214,6214,6214
misc,Trec12,14931,14832,14741,15035,15035,15035
misc,Trec13,37267,36755,36599,37336,36935,36935
misc,Trec14,98503,91578,89957,92028,91405,91156
misc,Trefethen-2000,5326,5326,5326,5448,5448,5448
misc,Trefethen-20000,44251,43650,43650,44095,43795,43795
misc,Trefethen-20000b,44909,44330,44307,45098,44734,44734
misc,TS,4212,4212,4212,4262,4262,4262
misc,TSC-OPF-1047,22404,22149,22066,22422,22212,22212
misc,TSC-OPF-300,15125,15123,15123,15105,15105,15105
misc,TSOPF-FS-b162-c1,19744,19360,19348,19813,19776,19776
misc,TSOPF-FS-b162-c3,38114,37403,37400,38209,37529,37529
misc,TSOPF-FS-b162-c4,48315,47188,47182,48513,47447,47447
misc,TSOPF-FS-b300,55576,55214,54617,55576,55306,55193
misc,TSOPF-FS-b300-c1,55576,55249,54648,56447,55385,55385
misc,TSOPF-FS-b300-c2,75396,66438,65621,67878,66648,66558
misc,TSOPF-FS-b39-c19,80523,78885,78876,79212,79053,79053
misc,TSOPF-FS-b39-c30,124671,122977,122956,124671,123036,123036
misc,TSOPF-FS-b39-c7,30972,30803,30803,30945,30934,30934
misc,TSOPF-FS-b9-c6,15213,15213,15213,15220,15220,15220
misc,TSOPF-RS-b162-c1,10775,10727,10727,10971,10971,10971
misc,TSOPF-RS-b162-c3,20191,20145,20144,20174,20171,20171
misc,TSOPF-RS-b162-c4,25148,25098,25097,25089,25083,25083
misc,TSOPF-RS-b300-c1,30687,29996,29648,30516,30120,30120
misc,TSOPF-RS-b300-c3,89716,81889,81214,83575,82226,82201
misc,TSOPF-RS-b39-c19,40115,40102,40101,40109,40109,40109
misc,TSOPF-RS-b39-c30,62180,62158,62158,62173,62157,62157
misc,TSOPF-RS-b39-c7,15995,15995,15995,15995,15995,15995
misc,TSOPF-RS-b678-c1,49016,48554,48213,49016,48768,48768
misc,TSOPF-RS-b9-c6,7801,7800,7800,7802,7802,7802
misc,ts-palko,94726,93977,93794,94166,94129,94129
misc,tsyl201,31318,31226,31212,31318,31317,31317
misc,tube1,26003,25951,25936,26086,26086,26086
misc,tube2,25898,25847,25840,26385,26385,26385
misc,tuma1,24598,24592,24591,24609,24609,24609
misc,tuma2,14059,14057,14053,14079,14079,14079
misc,turon-m,200529,199910,199496,208738,200211,200211
misc,twotone,148851,148528,148208,148867,148823,148823
misc,ulevimin,61141,61040,60960,61181,61181,61181
misc,us04,32028,32028,32028,32052,32052,32052
misc,usroads,130443,130425,130409,130444,130444,130444
misc,usroads-48,127425,127412,127390,127414,127414,127414
misc,utm1700b,2906,2906,2906,2916,2916,2916
misc,utm3060,4758,4758,4758,4782,4782,4782
misc,utm5940,8213,8213,8213,8264,8264,8264
misc,vanbody,55411,55163,55127,56232,55371,55371
misc,venkat01,68200,68100,68100,68493,68108,68108
misc,venkat25,68196,68079,68079,68188,68152,68152
misc,venkat50,68196,68096,68096,68493,68196,68196
misc,venturiLevel3,1454948,1454895,1454865,1454944,1454901,1454870
misc,vfem,110223,109143,108468,109489,108854,108854
misc,vibrobox,18959,18957,18957,19004,19004,19004
misc,viscoplastic1,5833,5833,5831,6064,6064,6064
misc,viscoplastic2,36944,36556,36446,37252,37252,37252
misc,viscorocks,43056,43056,43052,43597,43541,43541
misc,wang1,4394,4394,4394,4442,4442,4442
misc,wang2,4416,4416,4416,4469,4469,4469
misc,wang3,32828,32828,32828,32850,32850,32850
misc,wang4,32378,32319,32319,32471,32471,32471
misc,water-tank,82460,77153,77044,77817,77318,77318
misc,wathen100,34018,34008,33992,34127,34115,34115
misc,wathen120,40434,40390,40378,40617,40569,40569
misc,watson-1,590011,590008,590008,590011,590008,590008
misc,watson-2,1032849,1031528,1031527,1032849,1031528,1031527
misc,watt-1,2834,2834,2834,2895,2895,2895
misc,watt-2,2877,2877,2877,2930,2930,2930
misc,wave,183818,181902,181062,183738,181618,181591
misc,waveguide3D,26346,26178,26178,26226,26226,26226
misc,wb-cs-stanford,10516,10452,10451,10623,10623,10623
misc,web-BerkStan,47382,47250,47202,47097,47097,47097
misc,web-NotreDame,342743,337123,336855,338277,337103,337056
misc,web-Stanford,328371,302923,300556,310132,309461,300850
misc,wikiconflict,189440,189310,165375,180729,169916,165890
misc,wikipedia-link-de,770406,770220,691020,770406,696286,689500
misc,wikipedia-link-fr,662914,662605,595739,662902,604149,596725
misc,wikisigned-k2,204809,204595,197815,201615,197289,194353
misc,wiki-Talk,2602107,2601934,2596468,2602116,2601971,2601886
misc,wordnet-words,97166,92718,91056,94360,92436,92436
misc,youtube-groupmemberships,75420,72279,68451,74379,71840,71840
misc,youtube-links,248873,243821,241615,244657,243367,242472
misc,youtube-u-growth,343612,343572,343549,343612,343550,343548
misc,zhishi-baidu-relatedpages,461344,461344,446681,450780,449069,446442
misc,zhishi-zhwiki-internallink,2654296,2654292,2483412,2654296,2654292,2483412
misc_big,aff-amazon-copurchases,559320,559103,519188,527417,527367,520722
misc_big,aff-delicious-url-tag,1228727,1228719,1225019,1228721,1228721,1224172
misc_big,aff-flickr-user-groups,1085385,1085385,1084294,1085385,1085385,1084987
misc_big,aff-wiki-wordbypage,379490,379489,379489,379490,379490,379490
misc_big,af-shell1,370641,357325,357117,370641,357225,357155
misc_big,amazon0312,551150,551150,516743,523387,523341,516180
misc_big,amazon0505,560283,560283,529591,560254,534750,527774
misc_big,amazon0601,558050,558050,522125,528975,528914,521012
misc_big,amazon-2008,976976,976976,919663,976976,925461,918130
misc_big,apache2,745783,745611,745595,745783,745694,745694
misc_big,ASIC-320k,339728,332616,332490,339728,332773,332773
misc_big,ASIC-680ks,689862,688573,688475,688964,688538,688440
misc_big,atmosmodd,390601,390547,390247,390606,390454,390447
misc_big,atmosmodj,390206,390013,389963,390215,390116,390116
misc_big,auto,512273,498459,496878,512221,498502,497144
misc_big,barrier2-1,142254,139951,139894,142055,140495,139798
misc_big,barrier2-10,145133,142872,142747,145135,142816,142792
misc_big,barrier2-11,145864,142902,142686,145864,142932,142750
misc_big,barrier2-12,145550,142894,142745,145575,142961,142796
misc_big,barrier2-2,141833,139938,139825,141844,139919,139910
misc_big,barrier2-3,141687,139961,139898,141687,139969,139908
misc_big,barrier2-4,140955,140004,139824,140994,139928,139907
misc_big,barrier2-9,145461,142924,142659,145460,142958,142854
misc_big,bibd-19-9,100267,100250,100250,100267,100267,100267
misc_big,bibd-20-10,193870,193811,193809,193870,193815,193815
misc_big,bibd-22-8,329977,329959,329959,329977,329977,329966
misc_big,boneS01,153054,146820,146583,148682,146887,146887
misc_big,ch7-9-b5,1295639,1295639,1278487,1288027,1288027,1279591
misc_big,ch8-8-b5,1697384,1697384,1662130,1669850,1669684,1662694
misc_big,cnr-2000,339793,335998,335879,339793,336027,335818
misc_big,consph,120708,112624,111810,120596,112790,112413
misc_big,delaunay-n20,1065236,1062358,1061693,1065236,1062147,1061782
misc_big,ecology1,1017028,1014971,1014597,1017028,1014986,1014802
misc_big,ecology2,1017114,1014644,1014338,1017114,1014704,1014562
misc_big,engine,157932,157721,157541,162224,157809,157809
misc_big,F2,93687,88883,88837,91845,88884,88876
misc_big,fcondp2,233645,228066,227484,232552,229898,227850
misc_big,fullb,235391,227789,227177,231700,231692,228203
misc_big,Ga10As10H30,224186,223681,213633,224166,223756,215987
misc_big,Ga3As3H12,129291,129245,128832,129290,129288,129288
misc_big,gearbox,178765,169054,169029,171757,169124,168944
misc_big,GL7d15,2567186,2567186,2214312,2567186,2567186,2218104
misc_big,GL7d23,1307432,1307432,1059597,1307429,1086207,1061773
misc_big,gupta3,54962,54379,53324,54937,54932,54006
misc_big,halfb,259139,252937,252691,259153,256247,253268
misc_big,IMDB,1612072,1612072,1494337,1612072,1612072,1497816
misc_big,in-2004,315320,314946,308101,315335,315335,307776
misc_big,kron-g500-logn17,381785,381646,381550,381647,381647,381639
misc_big,kron-g500-logn18,524909,524904,524860,524909,524909,524905
misc_big,largebasis,522281,521736,521736,522281,521748,521748
misc_big,matrix-new-3,152572,152452,152440,152572,152535,152535
misc_big,mip1,92046,87526,87370,91056,87604,87516
misc_big,misc-IMDB-bi,1604191,1603768,1496099,1604191,1604191,1498724
misc_big,pattern1,56781,56530,55563,56781,56780,56780
misc_big,pkustk11,111003,105948,105780,106320,106020,106020
misc_big,pkustk12,114694,108177,108177,108850,108149,108146
misc_big,pkustk13,116406,111311,111149,115383,111354,111336
misc_big,pkustk14,199433,188898,188354,190652,188946,188388
misc_big,rail4284,462517,462199,461409,462516,462243,461734
misc_big,rgg-n-2-19-s0,536416,533877,533196,536416,533887,533632
misc_big,rgg-n-2-20-s0,1067028,1067028,1063066,1067028,1067028,1063063
misc_big,ship-003,156858,149594,149000,152084,149636,149438
misc_big,shipsec1,169684,161976,161640,164568,162940,162036
misc_big,shipsec8,141867,134819,134634,137019,134824,134824
misc_big,Si34H36,199911,199766,189566,199876,199084,189045
misc_big,Si87H76,379144,378766,339347,344503,344502,340142
misc_big,SiO2,277409,277351,259992,265791,264517,260369
misc_big,sls,1687092,1687028,1686953,1687075,1687062,1687062
misc_big,stat96v2,989285,989107,989056,989285,989085,989056
misc_big,stat96v3,1150760,1150499,1150482,1150760,1150593,1150480
misc_big,stormG2-1000,1913410,1912043,1911995,1912187,1912139,1912008
misc_big,t2em,936649,935497,935167,936649,935482,935348
misc_big,TF19,1411201,1411201,1337590,1411201,1349376,1338408
misc_big,thermomech-dK,214993,212994,212842,214993,212976,212976
misc_big,tmt-sym,740567,739756,739121,740567,739648,739396
misc_big,tp-6,548875,547508,547121,548889,547379,547305
misc_big,troll,245984,239859,239181,242851,242809,239767
misc_big,TSOPF-RS-b300-c2,51869,41885,41773,42307,41899,41885
misc_big,webbase-1M,1015237,1009370,1008643,1010057,1009566,1008699
misc_big,web-Google,932122,932122,909143,912809,912336,909180
power,power-US-Grid,5269,5260,5260,5302,5302,5302
rec,rec-amazon,92358,92356,92354,92359,92359,92359
rec,rec-amz-Amazon-Instant-Video,490363,485628,484748,488139,485986,484767
rec,rec-amz-Automotive,1341246,1340952,1331548,1341246,1341246,1333333
rec,rec-amz-Baby,729859,729413,722661,729859,729627,723971
rec,rec-amz-Beauty,1767393,1767185,1762492,1767393,1767393,1765438
rec,rec-amz-CDs-and-Vinyl,2706381,2706379,2574083,2706381,2706379,2577761
rec,rec-amz-Cell-Phones-and-Acc,2916862,2916832,2904664,2916862,2916862,2908294
rec,rec-amz-Clothing-Shoes-Jewelry,5192871,5192867,5175857,5192871,5192867,5175857
rec,rec-amz-Digital-Music,823474,823221,810151,823474,817683,809118
rec,rec-amz-Grocery-Gourmet-Food,1124253,1124128,1121381,1124253,1124253,1120785
rec,rec-amz-Health-Personal-Care,2496725,2496671,2494139,2496725,2496725,2478746
rec,rec-amz-Home-and-Kitchen,3502791,3502781,3502751,3502791,3502791,3491962
rec,rec-amz-Movies-and-TV,2859791,2859788,2844061,2859791,2859791,2851636
rec,rec-amz-Musical-Instruments,477340,476812,470502,477340,474814,470430
rec,rec-amz-Office-Products,1156779,1156765,1153718,1156779,1156779,1151602
rec,rec-amz-Patio-Lawn-Garden,927739,927593,921945,927739,927563,922168
rec,rec-amz-Pet-Supplies,1012523,1012445,1004139,1012523,1012257,1010092
rec,rec-amz-Sports-and-Outdoors,2925429,2925427,2896058,2925429,2925429,2898500
rec,rec-amz-Tools-Home-Improve,1741647,1741449,1737930,1741647,1741647,1729457
rec,rec-amz-Toys-and-Games,2006831,2006595,1980587,2006831,2006831,1982348
rec,rec-amz-Video-Games,1039920,1039920,1017522,1039936,1028458,1017377
rec,rec-eachmovie,118110,117657,112455,118110,116569,112210
rec,rec-github,205466,205029,204637,205391,204849,204832
rec,rec-movielens,281066,281064,280874,281065,281065,281065
rec,rec-movielens-tag-movies-10m,36618,35141,34116,36660,36660,36660
rec,rec-movielens-user-movies-10m,19267,19205,19205,19692,19692,19692
rec,rec-yelp-user-business,102975,102562,102343,102560,101764,101764
road,road-belgium-osm,1443157,1443116,1443112,1443157,1443113,1443111
road,road-euroroad,1372,1372,1372,1383,1383,1383
road,road-luxembourg-osm,115009,115007,115006,115008,115008,115008
road,road-minnesota,2925,2925,2925,2935,2935,2935
road,road-roadNet-PA,1091915,1091675,1091604,1091915,1091666,1091607
road,road-usroads,130446,130428,130402,130444,130444,130444
road,road-usroads-48,127421,127411,127390,127428,127427,127427
rt,rt-higgs,508604,508020,502089,508605,504936,499188
rt,rt-retweet-crawl,1605539,1605489,1448537,1605539,1605539,1450550
sc,sc-nasasrb,65556,65170,65137,65569,65157,65157
sc,sc-pkustk11,111003,105984,105780,106320,106032,106032
sc,sc-pkustk13,115868,111282,111195,115394,111401,111368
sc,sc-pwtk,243926,238959,238835,243926,238947,238905
sc,sc-shipsec1,171232,162882,162553,165063,162831,162748
sc,sc-shipsec5,214963,205534,204656,207842,205584,205035
soc,fb-pages-artist,134746,134414,128413,133221,133212,126655
soc,fb-pages-company,22112,21335,21065,22285,22285,22285
soc,fb-pages-government,15439,15234,15200,15225,15225,15225
soc,fb-pages-media,56887,54816,52233,56206,54683,54683
soc,fb-pages-politician,9295,9278,9278,9390,9390,9390
soc,fb-pages-public-figure,21058,20215,19914,21008,21008,21008
soc,fb-pages-sport,24997,23955,23641,24982,24982,24982
soc,fb-pages-tvshow,5200,5177,5170,5326,5326,5326
soc,soc-academia,372387,372174,340742,345127,345118,336271
soc,soc-anybeat,20623,19985,19897,20530,20530,20530
soc,soc-BlogCatalog,224237,224230,224213,224237,224237,224146
soc,soc-brightkite,89699,86573,84117,89811,85866,85866
soc,soc-buzznet,309414,306733,300148,309414,309414,301121
soc,soc-catster,354311,354311,347316,354235,354231,348988
soc,soc-delicious,710904,710012,670966,710967,674639,667206
soc,soc-digg,1231767,1231767,1196215,1231767,1231767,1229068
soc,soc-dogster,1074577,1074577,1003521,1074406,1073881,1003151
soc,soc-douban,236144,225887,222682,228997,226385,224097
soc,soc-epinions,45231,45147,45147,45231,45231,45231
soc,soc-flickr,753083,753049,749543,753078,753049,749599
soc,soc-FourSquare,899067,899002,894578,899066,898944,896192
soc,soc-gemsec-HR,140636,128960,123594,129358,126986,126107
soc,soc-gemsec-HU,106512,96889,92059,99774,97108,97108
soc,soc-gemsec-RO,67098,65674,63345,67138,66763,66763
soc,soc-gowalla,310052,309566,290774,294128,293907,287087
soc,soc-gplus,25073,25001,24957,25130,25130,25130
soc,soc-hamsterster,5012,5012,5012,4998,4998,4998
soc,soc-LiveMocha,382684,382651,382501,382682,382682,382682
soc,soc-loc-brightkite,91470,88437,85739,89532,87479,87479
soc,soc-myspace,1825046,1825046,1718539,1825046,1825046,1719167
soc,soc-sign-bitcoinalpha,6832,6690,6690,7245,7245,7245
soc,soc-sign-bitcoinotc,9992,9716,9643,10574,10574,10574
soc,soc-slashdot,149129,148828,148665,149132,148818,148818
soc,soc-slashdot-trust-all,175028,174826,174792,175216,174847,174847
soc,soc-slashdot-zoo,174941,174753,174662,175007,174803,174803
soc,soc-themarker,210483,210426,210052,210483,210475,210475
soc,soc-twitter-follows,454875,454721,454353,454814,454642,454144
soc,soc-twitter-follows-mun,521386,521186,520823,521386,521212,520784
soc,soc-wiki-conflict,194397,193990,165584,181225,167040,166037
soc,soc-wiki-elec,20578,20569,20569,20597,20597,20597
soc,soc-youtube,760850,760676,729333,760850,760650,728765
soc,soc-youtube-snap,1490610,1490404,1449767,1490610,1490610,1450191
socfb,socfb-American75,32668,32633,32633,32683,32683,32683
socfb,socfb-Amherst41,12770,12770,12770,12793,12793,12793
socfb,socfb-Auburn71,109274,109146,108648,109278,109272,109272
socfb,socfb-Baylor93,76165,76142,76124,76165,76162,76162
socfb,socfb-BC17,59832,59825,59825,59839,59839,59839
socfb,socfb-Berkeley13,119458,119402,119089,119459,119459,119459
socfb,socfb-Bingham82,53527,53299,53054,53545,53545,53545
socfb,socfb-Bowdoin47,12644,12644,12644,12654,12654,12654
socfb,socfb-Brandeis99,20574,20574,20574,20602,20602,20602
socfb,socfb-Brown11,47715,47692,47692,47712,47711,47711
socfb,socfb-BU10,97050,97036,97034,97056,97046,97046
socfb,socfb-Bucknell39,20949,20945,20945,20962,20962,20962
socfb,socfb-Cal65,56534,56369,56369,56528,56523,56523
socfb,socfb-Carnegie49,32492,32488,32488,32508,32507,32507
socfb,socfb-CMU,32661,32568,32566,32666,32666,32666
socfb,socfb-Colgate88,19970,19966,19966,19977,19977,19977
socfb,socfb-Columbia2,57597,57582,57582,57600,57595,57595
socfb,socfb-Dartmouth6,39589,39582,39582,39599,39592,39592
socfb,socfb-Duke14,54143,54099,54023,54146,54139,54139
socfb,socfb-Emory27,39359,39232,39164,39377,39371,39371
socfb,socfb-FSU53,142033,141822,141392,141974,141878,141834
socfb,socfb-Georgetown15,50281,50275,50275,50284,50284,50284
socfb,socfb-GWU54,62117,62068,61957,62116,62113,62113
socfb,socfb-Hamilton46,13652,13652,13652,13668,13668,13668
socfb,socfb-Harvard1,81083,81070,81070,81083,81080,81080
socfb,socfb-Haverford76,9148,9148,9148,9155,9155,9155
socfb,socfb-Howard90,25680,25679,25679,25688,25688,25688
socfb,socfb-Indiana,162581,162522,161995,162582,162579,162579
socfb,socfb-Indiana69,161380,161319,160810,161375,161374,161374
socfb,socfb-JMU79,75343,75258,75024,75350,75347,75347
socfb,socfb-JohnsHopkins55,25673,25673,25673,25681,25681,25681
socfb,socfb-Lehigh96,26732,26726,26726,26733,26733,26733
socfb,socfb-Maine59,42980,42819,42819,43009,43009,43009
socfb,socfb-Maryland58,108004,105444,101963,108004,105589,104223
socfb,socfb-Mich67,16654,16597,16581,16830,16830,16830
socfb,socfb-Michigan23,152910,152616,146889,152894,152025,150517
socfb,socfb-Middlebury45,17240,17240,17240,17254,17254,17254
socfb,socfb-Mississippi66,61110,61039,60942,61110,61099,61099
socfb,socfb-MIT,33316,33301,33301,33317,33317,33317
socfb,socfb-MIT8,33281,33253,33253,33292,33292,33292
socfb,socfb-MSU24,167331,167319,167211,167333,167330,167330
socfb,socfb-MU78,84789,84710,84563,84793,84787,84787
socfb,socfb-nips-ego,2959,2958,2958,2963,2963,2963
socfb,socfb-Northeastern19,65977,65818,65610,65990,65989,65989
socfb,socfb-Northwestern25,57352,57166,56992,57363,57345,57345
socfb,socfb-NotreDame57,68011,67970,67965,68011,68010,68010
socfb,socfb-NYU9,105111,105083,104750,105114,105114,105114
socfb,socfb-Oberlin44,15630,15580,15580,15707,15707,15707
socfb,socfb-Oklahoma97,99973,98701,95620,99974,99955,99955
socfb,socfb-Penn94,188520,188451,187922,188526,188523,188523
socfb,socfb-Pepperdine86,19888,19888,19888,19890,19890,19890
socfb,socfb-Princeton12,36432,36428,36428,36437,36435,36435
socfb,socfb-Rice31,23333,23324,23324,23334,23334,23334
socfb,socfb-Rochester38,22655,22627,22627,22722,22722,22722
socfb,socfb-Rutgers89,119233,115922,111742,118655,117295,114984
socfb,socfb-Santa74,20625,20625,20625,20635,20635,20635
socfb,socfb-Simmons81,7346,7346,7346,7430,7430,7430
socfb,socfb-Smith60,16349,16345,16345,16397,16397,16397
socfb,socfb-Stanford3,61901,61869,61859,61903,61892,61892
socfb,socfb-Swarthmore42,9924,9924,9924,9936,9936,9936
socfb,socfb-Syracuse56,70567,70531,70520,70572,70565,70565
socfb,socfb-Temple83,61070,61056,61056,61077,61077,61077
socfb,socfb-Tennessee95,93413,93208,92858,93417,93414,93414
socfb,socfb-Texas80,164145,161452,156615,164144,161532,157657
socfb,socfb-Texas84,209792,209725,209243,209795,209767,209767
socfb,socfb-Trinity100,15063,15063,15063,15080,15080,15080
socfb,socfb-Tufts18,34991,34953,34953,34993,34993,34993
socfb,socfb-Tulane29,39079,38990,38990,39102,39102,39102
socfb,socfb-UC33,81341,79621,76457,81376,79890,79757
socfb,socfb-UC61,64925,64755,64604,64932,63881,63686
socfb,socfb-UC64,29152,28919,28868,29272,29272,29272
socfb,socfb-UCF52,70517,70374,69952,70520,70504,70504
socfb,socfb-UChicago30,32644,32644,32644,32641,32640,32640
socfb,socfb-UCLA,102227,102034,101705,102248,102221,102221
socfb,socfb-UCLA26,102317,102149,101911,102317,102317,102317
socfb,socfb-UConn,91503,91387,91087,91503,91502,91502
socfb,socfb-UConn91,91213,91131,90826,91214,91213,91213
socfb,socfb-UCSB37,73503,73471,73471,73507,73496,73496
socfb,socfb-UCSC68,40530,38727,36946,40327,39869,39869
socfb,socfb-UCSD34,71659,71507,71265,71659,70007,69699
socfb,socfb-UF,186794,186680,186042,186848,185856,181518
socfb,socfb-UF21,186917,186782,186116,186917,186893,186893
socfb,socfb-UGA50,140348,138295,134949,140344,138252,136911
socfb,socfb-UIllinois,163643,163536,163023,163644,163540,163517
socfb,socfb-UIllinois20,164899,164833,164462,164899,164878,164878
socfb,socfb-UMass92,83597,83399,83058,83608,83536,83536
socfb,socfb-UNC28,101380,101335,100994,101380,101370,101370
socfb,socfb-UPenn7,80565,80416,80309,80571,80555,80555
socfb,socfb-USC35,95572,95548,95540,95572,95564,95564
socfb,socfb-USF51,57760,57381,56996,57802,57771,57771
socfb,socfb-USFCA72,12558,12558,12558,12603,12603,12603
socfb,socfb-UVA16,94339,94240,93977,94338,94317,94317
socfb,socfb-Vanderbilt48,45707,45572,45446,45712,45712,45712
socfb,socfb-Vassar85,17870,17870,17870,17888,17888,17888
socfb,socfb-Vermont70,34629,34427,34319,34672,34672,34672
socfb,socfb-Villanova62,40398,40377,40377,40399,40399,40399
socfb,socfb-Virginia63,106481,106273,105641,106492,106444,106444
socfb,socfb-Wake73,31452,31435,31435,31458,31458,31458
socfb,socfb-WashU32,42435,42424,42424,42434,42428,42428
socfb,socfb-Wellesley22,15999,15999,15999,16003,16003,16003
socfb,socfb-Wesleyan43,20075,19276,18882,20104,20104,20104
socfb,socfb-William77,35904,35883,35883,35921,35921,35921
socfb,socfb-Williams40,15733,15720,15720,15765,15765,15765
socfb,socfb-Wisconsin87,124367,124309,123775,124373,124361,124361
socfb,socfb-wosn-friends,165308,165075,158014,159745,159646,154674
socfb,socfb-Yale4,47829,47819,47819,47829,47826,47826
tech,tech-as-caida2007,30261,29911,29735,30323,30323,30323
tech,tech-internet-as,45620,45196,44845,45614,45614,45614
tech,tech-p2p-gnutella,117944,116674,113413,117971,116899,116899
tech,tech-pgp,11906,11821,11779,11981,11981,11981
tech,tech-RL-caida,234953,220457,219002,220801,219240,218701
tech,tech-routers-rf,3308,3308,3308,3401,3401,3401
tech,tech-WHOIS,12190,12174,12174,12426,12426,12426
web,web-arabic-2005,163790,163790,163784,163792,163790,163790
web,web-baidu-baike-related,461344,461344,446714,450809,449242,446549
web,web-BerkStan,12670,12666,12666,12691,12691,12691
web,web-BerkStan-dir,719289,719289,703205,705960,705781,703293
web,web-edu,3201,3201,3201,3231,3231,3231
web,web-EPA,5987,5910,5902,6312,6312,6312
web,web-frwikinews-user-edits,27502,27439,27436,27544,27544,27544
web,web-google,1546,1546,1546,1573,1573,1573
web,web-google-dir,923402,923402,908555,912431,912031,908596
web,web-indochina-2004,11784,11773,11756,11804,11804,11804
web,web-it-2004,509419,509419,509417,509420,509420,509419
web,web-NotreDame,343648,336850,336688,337809,336805,336619
web,web-sk-2005,121801,121797,121786,121814,121814,121814
web,web-spam,11063,11063,11063,11030,11030,11030
web,web-uk-2005,130065,129695,129695,129719,129695,129695
web,web-webbase-2001,16389,16377,16377,16411,16411,16411
